u0,v0,u1,v1,u2,v2,u3,v3,u4,v4
54.5,65.5,76.0,66.0,100.0,66.0,77.5,87.5,77.5,43.5
54.5,65.5,76.0,66.0,100.0,66.0,77.5,87.5,77.5,43.5
54.5,65.5,76.0,66.0,100.0,65.5,77.5,87.5,77.5,43.5
54.5,65.5,76.0,66.0,99.0,66.0,77.0,87.0,76.5,43.5
54.5,65.5,76.0,66.0,99.0,66.0,77.0,87.0,76.0,43.0
54.0,65.5,75.5,65.5,99.5,65.5,75.0,87.0,76.0,43.0
53.5,65.5,75.5,65.5,98.0,66.0,75.0,87.0,76.0,43.5
53.5,65.5,75.0,66.0,98.0,66.0,75.0,87.0,75.0,43.0
52.5,65.5,74.5,65.5,98.0,65.0,74.0,87.0,74.5,42.5
51.0,66.0,74.0,65.5,97.0,65.0,73.0,87.0,73.5,43.0
50.5,65.5,74.0,65.5,96.0,65.0,73.0,87.5,73.0,43.0
50.5,65.5,73.0,65.0,95.0,65.0,72.5,87.5,72.5,43.0
49.0,66.0,72.0,65.0,94.5,65.5,71.0,87.0,71.0,42.5
48.5,65.5,70.5,65.5,92.5,65.5,70.5,86.5,70.0,43.0
48.0,65.0,69.5,65.5,92.5,65.5,69.5,87.5,70.0,43.0
46.5,65.5,68.5,65.5,91.5,65.5,68.0,87.0,68.5,43.0
46.0,65.0,68.0,65.5,90.5,65.5,68.0,87.0,68.0,43.5
45.0,65.0,67.0,65.5,90.0,65.0,67.0,87.5,67.0,43.0
44.0,65.5,66.5,65.5,89.0,66.0,66.5,87.5,66.5,43.5
42.5,66.0,65.0,65.5,88.5,66.0,64.5,87.5,65.0,44.0
42.0,66.0,64.0,66.5,86.5,66.0,64.0,88.0,64.0,44.0
41.0,67.0,63.0,66.0,85.0,66.5,63.0,88.5,63.0,45.0
41.0,67.0,62.5,66.5,84.5,66.5,63.0,89.0,62.5,44.5
40.0,67.5,62.0,67.0,84.0,67.0,62.0,89.0,62.0,45.0
39.5,67.5,61.5,67.5,83.5,67.5,61.5,89.5,61.5,45.5
38.0,68.0,60.5,67.5,82.5,68.0,60.0,90.0,60.0,46.0
37.5,68.5,60.0,68.5,82.0,69.0,59.5,90.5,59.5,46.5
36.5,69.5,59.0,69.0,80.5,69.5,58.5,91.5,58.5,47.5
36.0,69.0,58.5,69.5,80.5,69.5,58.5,91.5,58.5,47.5
35.5,70.0,58.0,70.0,80.0,70.0,57.0,92.0,57.5,48.0
34.5,70.5,57.0,70.0,78.5,70.5,56.5,92.5,56.5,48.5
34.0,71.0,56.0,71.0,78.0,71.0,56.0,92.5,56.0,49.0
33.5,71.5,56.0,71.5,78.0,71.5,56.0,93.5,56.0,49.5
33.0,72.0,55.5,71.5,77.0,72.0,55.0,93.5,55.5,50.0
32.5,72.0,55.0,71.5,76.5,72.0,55.0,94.0,55.0,50.0
32.5,73.0,54.5,72.5,76.5,72.0,54.0,95.0,54.5,50.5
32.0,73.0,54.5,73.0,76.0,73.0,54.0,95.0,54.5,51.5
32.0,74.0,54.0,73.0,76.0,73.0,54.0,96.0,54.0,52.0
31.5,74.0,54.0,73.5,75.5,74.0,53.5,96.0,53.5,52.0
31.5,74.0,53.5,74.0,75.5,74.0,53.0,96.0,54.0,52.5
31.0,75.0,54.0,74.0,75.0,74.0,53.0,97.0,53.5,53.0
31.0,75.5,53.5,75.0,75.0,75.0,53.0,97.5,53.5,53.0
31.0,76.0,53.0,75.5,75.0,75.5,53.0,98.0,53.5,53.5
31.0,76.0,53.0,76.0,75.0,75.5,53.0,98.0,53.5,54.0
31.0,76.0,53.5,76.0,75.0,76.0,53.0,98.5,53.5,54.0
31.0,76.5,53.5,76.0,75.0,76.0,53.0,98.5,21.0,112.0
31.5,77.0,53.5,76.0,75.0,76.5,53.0,98.5,21.0,112.0
31.5,77.0,54.0,76.5,75.0,77.0,53.0,99.0,20.5,112.0
31.5,77.5,54.0,77.0,75.5,77.0,53.5,99.5,54.0,56.0
32.0,77.5,54.5,77.0,76.0,77.0,53.5,99.5,54.0,56.0
32.0,77.0,54.0,77.0,76.0,77.5,54.0,99.5,54.0,56.0
32.5,77.5,54.5,77.0,76.0,77.0,54.5,99.5,54.5,55.5
32.5,77.5,55.0,77.5,76.5,77.5,54.5,99.5,55.0,55.5
33.0,77.5,55.0,77.5,77.0,77.0,55.0,100.0,55.0,56.0
33.5,77.5,56.0,77.0,77.0,77.0,55.0,100.0,55.5,55.5
34.0,77.5,56.0,77.0,78.0,77.0,56.0,100.0,56.0,55.5
34.5,77.5,56.5,77.0,78.5,77.0,56.0,99.5,56.5,55.5
34.5,77.5,57.0,77.0,78.5,77.0,56.5,99.5,57.0,55.0
35.0,77.5,57.5,77.0,79.0,77.0,57.0,99.5,57.0,55.0
35.5,77.0,58.0,76.5,79.0,76.5,57.5,99.0,57.5,55.0
36.0,77.0,58.0,76.0,80.0,76.5,58.0,98.5,21.0,112.0
36.5,76.5,59.0,76.0,80.5,76.0,58.5,98.5,58.0,55.0
36.5,76.0,59.0,75.5,81.0,76.0,59.0,98.0,20.5,112.0
37.5,75.5,59.5,75.5,81.0,76.0,59.0,98.0,59.0,54.0
38.0,75.0,60.0,75.0,81.5,75.0,60.0,97.0,40.5,83.0
38.5,75.0,60.5,75.0,82.0,75.0,60.0,97.0,21.0,112.0
39.0,74.5,61.0,74.0,83.0,74.0,60.5,96.5,21.0,112.0
39.0,74.0,61.5,73.5,83.0,73.5,61.5,96.0,21.0,112.0
39.5,73.5,62.0,73.0,84.0,73.5,61.5,95.5,61.0,52.0
40.0,73.0,63.0,73.0,84.5,73.5,62.0,95.0,62.0,52.0
41.0,72.0,63.0,72.0,85.0,72.0,63.0,95.0,62.0,51.0
41.0,71.5,62.5,71.5,85.0,72.0,63.0,94.0,62.0,50.0
41.0,71.0,63.0,71.0,85.0,71.0,62.0,93.0,62.5,49.5
41.5,70.5,63.0,71.0,85.0,71.0,63.0,93.0,63.0,49.0
42.0,70.0,64.0,69.0,86.0,69.0,63.0,92.0,64.0,47.5
42.0,69.0,64.0,69.0,86.0,69.0,64.0,91.0,64.5,47.5
42.0,69.0,64.0,68.5,86.5,69.0,64.5,91.0,64.0,47.0
42.0,68.0,64.0,68.0,87.0,68.0,64.5,90.0,64.0,46.0
43.0,68.0,65.0,67.5,87.5,67.5,65.0,90.0,65.0,45.5
42.5,67.0,64.5,67.0,88.5,67.0,64.0,89.0,65.0,45.0
42.5,66.5,65.0,66.0,88.5,66.5,65.0,88.0,65.0,44.0
43.5,65.5,65.5,65.5,88.5,66.0,65.0,88.0,65.5,43.5
43.0,65.0,66.0,65.0,89.0,65.0,65.5,87.5,66.0,43.0
43.5,64.5,66.0,65.0,88.5,64.5,66.0,87.0,66.0,42.0
44.0,64.0,67.0,64.0,89.0,64.0,66.0,86.5,66.0,42.0
44.0,64.0,66.0,63.0,89.0,64.0,66.0,85.0,66.0,41.0
44.0,63.0,66.5,63.0,88.5,62.5,66.0,85.0,67.0,41.0
44.0,62.0,66.5,62.5,88.5,62.5,66.5,84.5,66.5,40.5
43.5,62.0,66.5,62.0,88.5,62.5,66.5,84.0,66.0,40.0
43.5,62.0,66.0,62.0,89.0,62.0,66.0,84.0,66.0,39.0
43.5,61.5,66.0,61.0,89.0,61.0,66.0,83.0,66.0,39.0
43.0,61.0,66.0,61.0,88.5,60.5,66.0,83.0,66.0,39.0
43.0,61.0,66.0,61.0,88.5,60.5,66.0,83.0,66.0,39.0
43.0,61.0,66.5,61.0,88.5,60.5,66.0,83.0,66.0,39.0
43.0,61.0,66.5,61.0,88.5,60.5,66.0,82.5,65.5,38.5
43.0,61.0,66.5,61.0,88.5,60.5,66.0,83.0,65.5,38.5
43.0,61.0,66.5,61.0,88.5,60.5,66.0,83.0,65.0,38.0
43.0,61.0,66.0,61.0,88.5,60.5,66.0,83.0,65.0,38.0
43.0,60.5,66.0,61.0,88.0,60.0,65.0,82.0,65.0,38.0
43.0,60.5,66.0,61.0,88.0,60.5,65.0,82.5,65.0,38.0
43.0,61.0,65.0,61.0,88.0,61.0,65.0,83.0,65.0,39.0
43.0,61.0,65.0,61.0,88.0,61.0,65.0,83.0,65.0,39.0
43.0,61.0,65.5,61.5,88.0,61.0,65.5,83.5,65.0,39.0
43.0,61.5,65.5,61.5,87.5,61.5,65.5,83.5,65.0,39.0
43.0,62.0,65.0,62.0,88.0,62.0,65.0,84.0,65.0,40.0
42.5,62.0,65.0,62.0,88.0,62.0,65.0,84.0,65.0,40.0
42.5,62.5,65.0,63.0,88.0,63.0,64.5,84.5,65.0,41.0
42.5,63.0,65.0,63.0,88.0,63.0,65.0,85.0,64.5,42.0
42.5,64.0,65.0,63.0,87.5,63.5,64.5,86.0,65.0,42.0
42.5,64.0,65.0,64.0,88.0,64.0,64.5,86.0,65.0,42.0
43.0,65.0,65.0,65.0,88.0,65.0,65.0,87.0,65.0,43.0
43.0,65.0,65.0,65.5,88.0,65.0,65.5,87.5,64.0,44.0
42.5,66.0,65.5,65.5,88.0,66.0,65.5,87.5,64.5,44.0
43.0,66.0,65.0,66.0,89.0,66.0,66.0,88.0,64.5,44.5
44.0,67.0,66.0,67.0,89.0,67.0,66.0,89.0,65.5,45.0
43.5,67.5,66.0,67.5,88.5,67.5,66.0,90.0,65.0,46.0
44.0,68.0,66.5,67.5,89.0,68.0,66.0,90.0,66.0,46.5
44.5,68.5,67.0,68.0,89.0,68.0,67.0,90.5,66.0,47.0
44.5,69.5,67.0,69.0,89.0,69.0,67.0,91.0,66.0,48.0
45.0,69.5,67.0,69.0,89.0,69.5,67.0,91.5,66.5,48.0
46.0,70.0,67.5,69.5,90.0,70.0,67.5,92.0,67.0,48.0
46.0,71.0,68.0,71.0,90.0,70.5,68.0,93.0,67.5,49.0
46.5,71.5,68.0,71.0,90.0,71.5,68.0,93.0,68.0,50.0
46.5,71.5,68.5,71.5,90.5,71.5,68.5,93.5,68.0,50.0
46.5,71.5,68.5,71.5,90.5,71.5,68.5,93.5,68.0,50.0
47.0,72.0,68.5,71.5,91.0,72.0,69.0,94.0,68.5,50.0
48.0,72.5,70.0,72.0,91.5,72.5,69.5,94.5,69.0,51.0
48.0,73.0,70.0,72.5,92.0,73.0,70.0,95.0,70.0,51.5
48.5,73.5,70.5,73.5,92.5,73.5,70.5,95.5,70.0,52.0
48.5,73.5,70.5,73.5,92.5,73.5,70.5,95.5,70.0,52.0
49.0,73.5,70.5,73.5,92.5,73.5,70.5,95.5,70.0,52.0
49.5,73.5,71.0,74.0,93.0,73.5,71.0,95.5,70.5,52.0
50.0,74.0,71.5,73.5,94.0,74.0,71.5,96.0,71.0,53.0
50.0,74.0,72.0,74.0,94.0,74.0,72.0,96.0,72.0,53.0
50.5,74.0,72.5,74.0,94.5,74.5,72.5,96.5,72.0,53.0
51.0,74.0,72.5,74.0,94.5,74.5,72.5,96.5,72.0,53.0
51.0,74.0,73.0,74.0,95.0,74.5,73.0,96.0,72.0,53.0
51.0,74.0,73.0,74.0,95.5,74.5,73.0,97.0,62.5,82.5
52.0,74.0,73.0,74.0,96.0,75.0,73.5,96.5,73.0,53.0
52.0,74.0,73.5,74.0,96.5,74.5,73.5,96.5,73.0,53.0
52.0,74.0,74.0,74.0,96.5,74.5,74.0,96.0,73.0,53.0
52.5,73.5,74.0,74.0,96.5,74.5,74.0,96.0,74.0,52.5
52.5,73.5,74.5,73.5,96.5,74.0,74.5,96.0,74.0,52.5
52.5,73.5,74.5,73.5,97.0,74.0,74.0,96.0,74.0,52.0
52.5,73.5,74.5,73.5,97.0,73.0,74.5,95.5,74.0,52.0
52.5,73.5,74.5,73.5,97.0,73.0,74.5,95.5,74.0,52.0
52.5,73.5,74.5,73.5,97.0,73.0,74.5,95.5,74.0,52.0
52.5,73.0,75.0,73.0,97.0,73.0,74.5,95.5,74.0,52.0
53.0,72.0,75.0,72.0,96.5,73.0,75.0,95.0,74.0,51.0
52.0,72.0,74.0,72.0,97.0,72.0,75.0,94.0,74.0,50.5
52.5,71.5,74.0,71.5,96.5,72.0,74.0,94.0,74.0,50.0
52.0,71.5,74.0,71.5,96.5,71.5,74.0,93.5,73.5,49.5
52.0,71.5,74.0,71.0,96.0,71.0,74.0,93.5,73.0,50.0
51.0,71.0,73.0,71.0,96.0,71.0,73.5,93.0,73.0,50.0
51.0,70.0,72.5,70.0,96.0,71.0,73.0,92.5,72.0,49.5
51.0,70.0,73.0,70.0,95.0,70.0,72.5,92.0,72.0,49.0
50.5,69.5,72.5,69.5,95.0,70.0,72.5,91.5,72.0,48.5
50.0,69.5,72.0,69.5,94.5,69.5,72.0,91.5,71.0,48.0
49.0,69.0,71.0,69.0,93.5,69.0,71.0,91.0,70.0,48.0
48.5,68.0,70.5,68.5,93.0,69.0,70.5,91.0,70.0,47.0
48.0,68.0,70.5,67.5,92.5,68.0,70.5,90.0,70.0,46.5
47.5,67.5,69.0,67.0,92.0,67.5,69.0,89.0,69.0,46.0
47.0,67.0,68.5,67.5,91.5,67.5,68.5,89.5,68.5,46.0
46.0,67.0,68.0,67.0,90.0,67.0,68.5,89.5,68.0,46.0
46.0,66.5,68.0,67.0,90.0,67.0,67.0,89.0,67.0,45.0
45.0,66.0,67.0,66.0,89.0,66.0,67.0,88.5,66.5,44.5
44.0,66.0,66.0,66.0,89.0,66.0,66.0,88.0,66.0,44.0
42.5,66.0,65.0,66.0,88.0,66.0,65.0,88.0,65.0,44.0
42.0,66.0,64.0,66.0,87.5,65.5,64.0,88.0,64.0,44.0
42.0,65.5,63.5,65.5,85.5,65.5,64.0,88.0,63.0,44.0
41.0,66.0,63.0,65.5,85.5,65.5,63.0,87.0,63.0,43.0
41.0,65.0,63.0,65.0,85.0,66.0,63.0,87.0,62.5,43.5
40.0,65.0,62.5,65.0,84.0,65.0,62.5,87.0,62.0,43.0
39.0,65.0,62.0,65.0,84.0,65.0,61.5,87.0,62.0,43.0
39.0,65.0,61.0,65.0,83.0,65.0,61.0,87.0,60.0,44.0
38.0,65.0,60.0,65.0,82.5,65.0,60.0,87.0,60.0,44.0
37.0,65.0,60.0,65.0,82.0,65.0,59.0,87.0,55.0,77.5
36.5,65.0,59.0,65.0,81.0,65.0,58.5,87.0,58.0,43.0
36.0,65.0,58.0,65.0,80.5,65.0,58.0,87.0,58.0,43.0
35.0,64.5,57.5,65.0,80.0,65.0,57.0,87.0,57.0,43.0
34.5,64.5,57.0,65.0,78.5,65.0,56.5,87.0,56.0,43.0
34.5,64.5,57.0,65.0,78.5,65.0,56.0,87.0,56.0,43.0
34.0,65.0,56.5,64.5,78.0,65.0,56.0,87.0,56.0,43.0
34.0,65.0,56.5,65.0,78.0,65.0,56.0,87.0,56.0,44.0
34.0,65.0,56.0,65.0,78.0,65.0,56.0,87.0,55.0,44.0
33.5,65.0,55.5,65.5,78.0,65.0,55.0,87.5,55.0,44.0
33.0,65.0,55.5,65.5,77.0,66.0,55.0,87.5,55.0,44.0
33.0,66.0,55.0,65.5,77.0,65.5,55.0,87.5,55.0,43.5
33.0,65.5,55.0,66.0,77.0,65.5,55.0,88.0,55.0,44.0
33.0,66.0,55.0,65.5,77.0,66.0,55.0,88.0,55.0,44.0
33.0,66.0,55.0,65.5,77.0,66.0,55.0,88.0,55.0,44.0
33.0,66.0,55.0,66.0,77.0,66.0,55.0,88.0,55.0,44.5
33.0,66.0,55.0,66.0,77.0,66.0,55.0,88.0,54.5,45.0
33.0,66.0,55.0,66.0,77.0,66.0,55.0,88.0,54.5,45.0
33.0,66.0,56.0,67.0,77.0,67.0,55.0,88.0,55.0,45.0
34.0,67.0,56.0,67.0,78.0,66.5,56.0,89.0,55.0,46.0
34.0,67.0,56.5,66.5,78.0,67.0,56.0,89.0,56.0,46.0
34.0,67.0,56.0,67.0,78.5,67.0,56.0,89.0,53.5,79.0
34.5,67.0,57.0,67.0,79.0,67.0,57.0,89.0,56.5,46.0
35.0,67.0,58.0,67.0,79.5,67.5,57.5,89.5,57.0,46.0
36.0,67.0,58.5,67.5,80.5,67.5,58.5,89.5,57.0,46.0
36.5,67.5,58.5,67.5,80.5,67.5,58.5,89.5,58.0,46.0
37.0,67.0,59.5,67.5,81.0,67.0,59.0,89.0,59.0,46.0
38.0,67.0,60.5,67.5,82.0,67.0,60.0,89.0,60.0,45.5
38.5,67.5,60.5,67.5,83.0,68.0,60.5,89.5,60.0,46.0
39.0,67.5,62.0,67.0,83.5,67.5,61.5,89.5,61.0,46.0
40.5,67.0,62.0,67.0,84.0,67.0,62.0,89.0,62.0,45.0
41.0,67.0,62.5,66.5,84.5,66.5,62.5,88.5,62.0,46.0
41.0,67.0,62.5,66.5,85.0,67.0,62.5,88.5,62.0,45.5
41.5,66.5,63.0,67.0,85.0,67.0,63.0,88.5,62.0,45.5
42.0,66.0,64.0,66.5,86.0,66.0,63.0,88.5,64.0,44.5
42.0,66.0,64.0,66.0,88.0,66.0,64.0,88.0,64.0,44.5
43.0,66.0,65.0,66.0,88.0,66.0,65.0,88.0,65.0,44.0
43.5,65.5,66.0,65.5,89.0,66.0,66.0,88.0,66.0,44.0
44.5,65.5,66.5,65.5,89.0,65.5,66.5,87.5,66.0,44.0
45.0,65.0,67.5,65.5,90.0,65.0,67.0,87.5,67.5,43.5
46.0,65.0,68.0,65.0,90.0,65.0,68.0,87.0,68.0,43.0
46.5,64.5,68.5,64.5,91.0,64.0,68.5,86.5,68.0,43.0
47.0,64.0,69.0,64.0,92.0,64.0,69.0,86.0,69.0,42.0
47.0,64.0,69.5,63.5,92.5,64.0,69.5,85.5,69.0,42.0
48.0,63.0,70.0,63.0,93.0,63.0,70.0,85.0,70.0,41.0
49.0,63.0,70.5,62.5,93.0,63.0,70.5,84.5,70.0,41.0
49.0,62.5,71.0,62.5,94.0,62.0,71.0,84.5,70.0,41.0
50.0,62.0,71.0,62.0,94.0,62.0,71.5,84.0,70.0,40.0
50.0,62.0,72.0,61.0,94.5,61.0,72.0,84.0,70.0,40.0
50.0,61.5,72.0,61.0,95.0,61.5,72.0,83.5,72.0,39.0
51.0,61.0,73.0,61.5,96.0,61.0,73.0,83.0,73.0,39.0
51.0,60.0,73.0,61.0,96.0,61.0,73.0,83.0,73.0,38.5
51.0,60.0,73.0,60.0,96.0,60.0,73.0,82.0,73.0,39.0
51.0,60.0,73.0,60.0,96.0,60.0,73.0,82.0,73.0,38.0
51.0,60.0,73.0,60.0,96.0,60.0,73.0,82.0,73.0,38.0
51.5,59.5,73.5,59.5,96.0,59.0,73.5,81.5,73.0,38.0
51.5,59.5,73.5,59.5,96.0,59.0,73.5,81.5,73.0,37.5
52.0,59.0,73.5,59.0,97.0,59.0,74.0,81.0,73.0,37.0
52.0,59.0,73.5,59.0,96.5,59.0,74.0,81.0,73.0,37.0
52.0,59.0,73.5,58.5,96.0,59.0,74.0,81.0,73.0,37.0
51.5,58.5,73.5,58.5,96.5,58.5,73.5,80.5,73.0,37.0
52.0,59.0,73.5,58.5,96.0,58.5,73.5,80.5,73.0,37.0
51.0,59.0,73.0,59.0,96.0,59.0,73.5,80.5,73.0,37.0
51.0,59.0,73.0,59.0,95.5,58.5,73.0,81.0,73.0,37.0
50.0,59.0,73.0,59.0,95.5,58.5,72.0,81.0,72.0,37.0
50.0,59.0,72.0,59.0,95.5,58.5,72.0,81.0,70.0,38.0
50.0,59.0,72.0,59.0,95.0,59.0,72.0,81.0,70.5,37.5
49.0,59.0,72.0,59.0,94.0,59.0,72.0,81.0,71.0,37.0
49.5,59.5,71.0,60.0,94.0,59.0,71.0,82.0,71.0,37.0
48.0,60.0,70.0,60.0,93.0,60.0,70.5,82.0,70.0,37.0
48.0,60.0,70.0,60.0,93.0,60.0,70.0,82.0,69.5,39.0
47.5,60.5,69.5,60.5,92.5,60.5,70.0,83.0,69.0,39.0
47.0,61.0,69.0,61.0,92.0,61.0,69.0,83.0,69.0,39.0
47.0,61.0,69.5,61.5,91.5,61.5,69.0,83.0,69.0,39.0
46.5,62.5,68.0,62.0,91.0,62.0,68.0,84.0,68.0,41.0
46.0,62.5,68.0,62.0,90.0,63.0,68.0,84.5,68.0,40.0
46.0,63.0,67.0,64.0,90.0,63.0,67.5,85.5,68.0,41.0
45.0,63.5,67.0,63.5,89.0,64.0,67.0,86.0,67.0,42.0
45.0,64.0,67.0,64.0,89.0,64.0,67.0,86.0,66.5,42.5
44.0,65.0,66.0,65.0,89.0,65.0,66.0,87.0,66.0,43.0
43.5,65.5,65.5,65.5,88.0,65.0,65.5,87.5,65.0,44.0
43.0,66.0,65.0,66.0,88.5,66.0,65.0,88.0,65.0,44.0
42.5,67.0,64.0,67.0,88.0,67.0,64.5,89.0,51.0,112.0
42.5,67.5,64.5,67.5,87.0,67.5,64.5,89.5,36.0,112.0
42.0,68.0,64.5,68.0,87.0,68.0,64.0,90.0,57.5,80.0
42.0,69.0,64.0,69.0,86.5,69.5,64.0,91.0,64.0,48.0
42.0,69.0,64.0,69.0,86.0,69.0,64.0,91.5,62.0,48.0
41.5,70.5,64.0,69.5,85.5,70.0,64.0,92.0,62.0,49.0
42.0,71.0,63.5,71.0,85.0,71.0,63.0,93.0,62.0,50.0
41.5,71.5,63.0,71.0,85.0,72.0,63.0,93.5,51.0,112.0
41.5,72.0,63.0,71.0,85.0,72.0,63.0,94.0,36.0,112.0
41.5,72.0,63.5,72.0,85.0,72.5,63.0,95.0,36.0,112.0
41.5,73.5,63.0,73.0,85.0,73.0,63.5,95.5,51.0,112.0
41.5,73.5,63.5,73.5,85.0,74.0,63.0,96.0,51.0,112.0
41.5,74.5,63.5,74.5,85.5,74.5,63.0,97.0,63.0,54.0
41.5,75.0,63.0,75.0,85.0,75.0,63.0,97.0,52.0,112.0
41.5,75.5,63.5,75.5,85.5,75.5,63.5,97.5,57.5,83.0
42.0,76.0,63.5,75.5,85.0,76.0,63.0,98.0,51.0,112.0
42.0,77.0,63.5,76.0,85.0,77.0,63.5,98.5,51.0,112.0
42.0,77.0,63.5,76.5,85.0,77.0,63.5,99.0,21.0,112.0
42.0,77.0,64.0,77.0,85.0,77.0,64.0,99.5,58.5,84.0
42.5,77.5,64.0,77.5,86.0,77.5,64.5,99.5,64.0,56.0
42.5,77.5,64.5,77.5,86.0,78.0,64.5,99.5,64.0,56.0
42.5,77.5,64.5,77.5,86.5,77.5,64.0,100.0,52.0,112.0
42.5,77.5,64.5,77.5,86.5,78.0,64.5,100.5,51.0,112.0
42.5,78.0,64.5,77.5,87.0,78.0,65.0,101.0,51.5,112.0
43.0,78.0,65.0,78.0,87.0,78.5,65.0,100.5,36.0,112.0
43.5,78.0,65.5,78.0,87.0,78.5,65.0,101.0,36.0,112.0
44.0,78.0,65.5,78.0,88.0,78.0,65.0,101.0,51.5,112.0
44.0,78.0,66.5,78.0,88.5,78.0,66.0,101.0,36.0,112.0
44.5,78.5,66.5,77.5,89.0,78.0,66.0,101.0,51.0,112.0
44.5,78.5,66.5,77.5,89.0,78.0,66.5,100.5,58.5,84.5
45.0,78.0,66.5,77.5,89.0,78.0,66.5,100.5,66.0,57.0
45.0,78.0,66.5,77.5,89.0,78.0,66.5,100.5,66.0,56.0
45.0,78.0,66.5,77.5,89.0,78.0,67.0,100.0,66.0,56.0
45.5,77.5,67.0,77.0,88.5,77.5,67.0,100.0,36.0,112.0
45.5,77.5,67.0,77.0,88.5,77.5,67.0,100.0,36.0,112.0
45.5,77.0,67.0,77.5,89.0,77.0,67.0,100.0,21.0,112.0
46.0,77.0,67.5,77.0,89.0,77.0,68.0,99.0,51.0,112.0
46.0,76.0,67.5,76.0,89.5,77.0,68.0,99.0,51.5,112.0
46.5,75.5,68.0,76.0,89.5,76.0,68.0,98.0,51.5,112.0
46.5,75.5,68.0,75.0,90.5,75.5,68.0,98.0,67.0,54.0
46.5,75.5,68.5,75.5,90.5,75.5,68.5,97.5,68.0,54.0
46.0,75.0,68.0,75.0,90.0,75.0,68.0,97.0,60.0,83.0
46.0,74.0,68.0,74.0,90.0,74.0,68.0,96.5,68.0,52.5
46.5,73.5,68.5,73.5,90.5,73.5,68.0,96.0,68.0,52.0
46.5,73.5,68.5,73.5,90.5,73.5,68.5,95.5,68.0,52.0
46.0,73.0,68.0,73.0,90.0,73.0,68.0,95.0,51.5,112.0
46.0,72.0,68.0,72.0,90.0,72.0,68.0,94.0,52.0,112.0
46.5,71.5,68.0,71.0,90.0,71.0,68.0,94.0,59.5,81.0
46.0,71.0,68.0,71.0,90.0,71.0,68.0,93.0,51.5,112.0
46.0,70.0,67.5,70.5,89.0,71.0,68.0,93.0,52.0,112.0
45.5,69.5,67.5,69.5,89.5,70.0,67.0,92.0,51.5,112.0
45.0,69.0,67.0,69.0,89.5,69.5,67.5,91.5,66.5,48.0
45.0,69.0,67.0,69.0,89.0,69.0,67.0,91.0,66.5,47.5
45.0,68.0,67.0,68.0,89.0,68.0,66.5,90.0,66.0,46.5
45.0,67.0,66.5,67.5,89.0,68.0,66.0,90.0,58.5,79.0
44.0,67.5,66.5,67.5,89.0,67.0,66.0,90.0,66.0,46.0
43.5,66.5,66.0,67.0,89.0,67.0,66.0,89.0,66.0,45.0
43.0,66.0,66.0,66.0,88.5,66.0,66.0,88.0,66.0,44.0
42.5,66.0,65.5,65.5,88.0,66.0,65.0,88.0,65.0,44.0
43.0,65.5,65.0,65.0,87.5,65.5,65.5,87.5,65.0,44.0
42.5,65.0,64.5,65.0,87.0,65.0,64.5,87.0,64.0,44.0
42.5,64.5,64.5,64.5,87.0,64.0,64.0,87.0,64.0,43.0
42.5,64.5,64.0,64.0,86.5,64.0,64.0,86.0,64.0,43.0
42.0,64.0,64.0,64.0,86.0,63.5,64.0,86.0,63.0,43.0
41.5,63.5,64.0,64.0,86.0,64.0,64.0,86.0,63.0,42.0
41.0,63.0,63.0,63.0,86.0,63.5,63.0,86.0,63.0,42.0
41.0,63.5,63.0,63.0,85.0,63.0,63.0,85.0,62.5,41.5
41.0,63.0,63.0,63.0,85.0,63.0,63.0,85.0,62.0,41.0
41.0,63.0,63.0,63.0,85.0,63.0,63.0,85.0,62.0,41.0
41.0,63.0,63.0,63.0,84.5,62.5,63.0,85.0,62.0,41.5
41.0,63.0,63.0,63.0,84.5,62.5,63.0,85.0,62.0,41.5
41.0,63.0,63.0,63.0,84.5,62.5,63.0,85.0,62.0,41.5
40.0,63.0,62.5,62.5,84.5,62.5,63.0,85.0,62.0,41.0
40.0,63.0,62.5,62.5,84.5,62.5,62.5,85.0,62.0,41.0
40.0,63.0,62.5,62.5,84.5,62.5,62.5,85.0,62.0,41.0
40.0,63.0,63.0,63.0,84.5,62.5,62.5,85.0,62.0,41.5
40.0,63.0,63.0,63.0,84.5,62.5,62.5,85.0,62.0,41.5
40.5,63.0,63.0,63.0,85.0,63.0,62.5,85.0,62.0,41.0
40.0,63.5,63.0,63.0,85.0,63.0,63.0,85.0,62.0,41.5
40.0,63.5,63.0,63.0,85.0,63.0,63.0,85.0,62.0,41.5
41.0,64.0,63.0,64.0,85.0,64.0,63.0,86.0,62.5,42.5
41.0,64.0,63.0,64.0,85.0,64.0,63.0,86.0,62.0,44.0
40.5,64.5,63.0,64.0,85.0,64.0,62.5,86.5,62.0,44.0
41.0,64.0,63.0,64.0,85.0,64.0,62.5,86.5,62.0,43.0
41.0,65.0,63.0,65.0,85.0,65.0,63.0,87.0,63.0,43.0
42.0,65.0,63.0,65.0,86.0,65.0,63.0,87.0,63.0,43.0
42.0,65.0,64.0,65.0,86.0,65.0,63.0,87.0,63.5,43.0
42.0,65.5,64.0,65.0,87.0,65.5,63.5,87.5,62.0,44.0
42.0,65.5,65.0,66.0,87.5,65.5,64.5,87.5,64.0,44.5
42.5,66.0,65.5,65.5,88.0,66.0,65.0,88.0,64.0,44.0
44.0,66.0,66.0,66.0,89.0,66.0,66.0,88.0,66.0,44.0
44.0,66.0,67.0,66.0,89.0,66.0,66.0,88.0,66.5,44.5
45.0,66.0,66.5,66.0,89.0,66.5,67.0,88.5,66.5,44.5
45.5,67.0,67.5,66.0,89.5,67.0,67.0,89.0,66.5,45.0
46.0,67.0,68.0,67.0,90.0,67.5,68.0,89.0,68.0,46.0
46.0,67.0,68.0,67.0,90.5,67.5,68.0,89.0,68.0,46.0
46.0,67.0,68.5,67.5,91.0,67.0,68.5,89.5,60.0,79.0
47.0,67.0,69.0,67.0,92.0,67.5,69.0,89.5,68.0,46.0
47.5,67.5,70.0,67.0,92.0,67.0,70.0,89.0,68.0,46.0
48.0,67.0,70.5,67.5,93.0,67.0,70.5,89.5,36.5,112.0
48.5,67.5,70.5,67.5,93.0,67.0,70.5,89.5,36.5,112.0
49.5,67.0,71.0,67.0,94.0,67.0,71.0,89.5,70.0,46.0
50.0,67.5,72.0,67.5,95.0,68.0,72.0,89.5,71.5,46.0
50.5,67.5,72.0,67.5,95.0,68.0,72.0,89.0,72.0,46.0
50.5,67.5,72.5,67.5,95.0,67.5,72.5,89.5,72.0,46.0
51.0,67.0,73.0,67.0,95.5,67.5,73.0,89.5,73.0,46.0
51.5,67.5,73.5,67.5,96.0,67.0,73.5,89.5,73.0,46.0
52.0,67.0,74.0,67.0,96.0,67.0,74.0,89.0,73.0,46.0
52.0,67.0,74.0,67.0,97.0,67.0,74.0,89.0,73.0,46.0
52.5,67.5,74.0,67.0,97.0,67.0,74.5,89.5,74.0,46.0
53.0,67.0,74.5,67.0,97.0,67.0,74.5,89.5,74.0,46.0
52.5,67.0,75.0,67.0,97.5,67.5,74.5,89.5,74.0,46.0
53.0,67.0,75.0,67.0,97.5,67.5,74.5,89.5,75.0,45.0
53.0,67.0,75.0,67.0,98.0,67.0,75.0,89.0,75.0,45.0
53.0,67.0,75.0,67.0,98.0,67.0,75.0,89.0,75.0,45.0
53.0,67.0,75.0,67.0,98.0,67.0,76.0,89.0,75.0,45.0
53.0,66.0,75.0,66.5,98.0,67.0,75.0,88.0,75.0,45.0
53.0,66.0,75.0,66.0,98.0,66.0,75.0,88.0,75.0,44.0
53.0,66.0,75.0,66.0,98.0,66.0,75.0,88.0,75.0,44.0
53.0,66.0,74.5,66.5,97.0,66.0,75.0,88.0,75.0,44.0
53.0,66.0,74.5,66.0,97.5,65.5,74.5,88.5,74.5,44.0
52.0,65.5,74.0,66.0,97.0,66.0,74.0,88.0,74.0,44.0
51.5,65.5,73.5,65.5,96.5,65.5,73.5,87.5,73.5,43.5
51.5,65.5,73.5,65.5,96.0,66.0,73.5,87.5,73.0,44.0
51.0,66.0,73.0,66.0,95.5,65.5,73.5,87.5,72.5,44.0
50.5,65.5,72.5,65.5,95.5,65.5,72.5,87.5,72.0,44.0
50.0,65.5,72.0,65.0,94.0,65.5,72.0,88.0,71.5,44.0
49.0,66.0,71.0,66.0,93.5,65.5,71.5,87.5,70.5,43.5
48.0,65.5,70.5,65.5,93.0,66.0,70.5,87.5,70.0,43.0
47.5,65.5,69.5,65.5,92.0,65.0,69.5,87.5,69.0,44.0
47.0,65.0,69.0,65.5,91.5,65.5,69.0,87.5,68.5,44.0
46.5,65.5,68.5,65.5,90.0,65.5,68.5,87.5,68.0,44.0
45.0,65.0,67.0,65.5,90.0,65.5,67.5,87.5,67.0,44.0
45.0,65.5,66.5,65.5,89.0,66.0,66.5,87.5,66.0,44.0
43.5,65.5,65.5,65.5,89.0,66.0,66.0,88.0,65.0,44.0
42.0,66.0,64.0,66.0,87.5,66.0,65.0,88.0,65.0,44.0
42.0,66.0,64.0,66.0,86.0,66.0,64.0,88.5,64.0,44.0
41.0,67.0,63.0,66.5,85.0,66.5,63.0,88.5,63.0,44.5
41.0,67.0,62.5,66.5,84.5,66.5,62.5,88.5,62.0,45.0
40.0,67.0,62.0,67.0,84.0,67.0,62.0,89.0,62.0,45.5
39.0,68.0,61.5,67.5,83.5,67.5,61.0,90.0,61.0,46.0
38.0,68.0,60.5,67.5,82.5,67.5,60.0,90.0,55.5,79.0
36.5,68.5,59.0,68.0,81.0,68.0,59.0,90.5,55.0,79.5
36.0,69.0,58.5,68.5,80.5,69.0,58.0,91.0,58.0,48.0
35.0,69.0,58.0,69.0,80.0,69.0,57.5,91.5,57.5,47.5
34.5,69.5,56.5,69.5,78.5,69.5,56.5,91.5,56.5,47.5
34.0,70.0,56.5,69.5,78.0,70.0,56.0,92.0,56.0,48.0
33.5,70.5,56.0,70.5,77.5,70.5,55.5,92.5,56.0,49.0
32.5,71.5,55.5,71.0,77.0,71.0,54.5,93.5,55.0,49.0
32.5,71.5,54.5,71.5,76.5,71.5,54.5,93.5,54.5,49.5
32.0,72.0,54.5,71.5,76.0,72.0,54.0,94.0,54.0,51.0
31.5,72.5,54.0,72.0,75.5,72.5,53.0,95.0,53.0,51.0
30.5,73.5,53.5,73.0,75.0,73.0,53.0,95.0,36.5,82.0
30.5,73.5,52.5,73.5,74.5,73.5,52.5,95.5,52.0,52.0
30.0,74.0,52.5,73.5,74.5,73.5,52.0,96.0,36.0,82.0
30.0,75.0,52.5,74.0,74.0,74.0,52.0,96.5,52.0,53.0
29.0,75.0,52.0,74.5,74.0,74.5,51.0,97.0,36.0,112.0
29.5,75.5,52.0,75.5,74.0,75.0,51.5,97.5,21.0,112.0
29.0,76.0,52.0,75.5,73.5,75.5,51.5,98.0,36.0,112.0
29.0,76.5,52.0,76.0,73.5,76.0,51.0,98.5,52.0,55.0
29.0,76.5,52.0,76.0,73.0,76.0,51.0,98.5,51.5,83.5
29.0,77.5,52.0,77.0,73.0,77.0,51.0,99.5,51.5,83.5
29.0,77.5,51.5,77.0,73.5,77.0,51.0,99.5,51.0,56.0
29.0,78.0,52.0,77.0,73.0,77.0,51.0,100.0,35.5,84.0
29.5,78.0,52.0,77.5,73.0,78.0,51.5,100.0,20.0,112.0
29.5,78.5,52.0,77.5,73.5,78.0,51.5,100.5,20.0,112.0
30.0,78.5,52.5,78.0,74.0,78.0,52.0,101.0,36.0,84.5
30.0,78.5,52.5,78.0,74.0,78.5,52.0,100.5,36.0,84.5
30.0,79.0,53.0,78.5,74.5,78.5,52.0,101.0,53.0,57.0
30.5,79.5,53.0,78.5,75.0,79.0,52.5,101.5,53.0,57.5
31.0,79.0,53.0,79.0,75.0,78.5,52.5,101.5,53.0,57.0
31.0,79.0,53.5,79.0,75.5,79.0,53.0,101.5,21.0,112.0
31.5,79.5,54.0,78.5,75.5,79.0,53.5,101.5,21.0,112.0
32.0,79.0,54.5,79.0,76.0,79.0,54.0,101.5,51.0,112.0
32.5,79.5,55.0,79.0,76.5,79.0,54.5,101.5,54.0,58.0
33.0,79.0,55.0,78.5,77.0,79.0,54.5,101.5,20.0,112.0
33.5,79.0,56.0,79.0,77.0,79.0,55.0,101.5,20.0,112.0
34.0,79.0,56.0,78.5,78.0,78.5,55.5,101.0,21.0,112.0
34.0,79.0,56.5,78.0,78.0,78.0,56.0,101.0,21.0,112.0
35.0,78.5,57.0,78.0,78.5,78.0,56.5,100.5,21.0,112.0
35.5,78.0,57.5,77.5,79.5,78.0,57.0,100.5,57.5,56.0
36.0,77.5,58.0,77.5,80.0,78.0,57.5,100.0,58.0,56.0
36.5,77.5,58.5,77.5,80.5,77.5,58.5,99.5,58.5,55.5
37.0,77.0,58.5,77.0,81.0,77.0,58.5,99.5,54.5,84.0
37.0,77.0,59.0,76.0,81.0,76.5,59.0,99.0,51.0,112.0
38.0,76.5,60.0,76.0,81.5,76.0,60.0,98.0,51.0,112.0
38.0,76.0,60.5,75.5,82.0,76.0,60.0,98.0,60.0,54.0
38.5,75.5,61.0,75.0,82.5,75.5,60.5,97.5,60.0,54.0
39.0,75.0,61.0,75.0,83.0,75.0,61.0,97.0,61.0,54.0
39.5,74.5,62.0,74.0,83.5,74.5,61.5,96.5,61.5,52.5
40.5,73.5,62.5,73.5,84.5,73.5,62.5,95.5,62.0,52.0
40.5,73.5,62.5,73.5,84.5,73.5,62.0,95.0,62.0,52.0
41.0,73.0,62.5,72.5,85.0,72.0,63.0,94.0,62.0,51.0
41.0,72.0,63.0,71.5,85.0,72.0,63.0,94.0,62.0,51.0
41.5,71.5,63.0,71.5,85.0,71.5,63.0,93.5,62.0,50.0
42.0,71.0,63.0,71.0,85.0,71.0,63.0,93.0,51.0,112.0
42.0,70.5,64.0,70.5,85.5,70.5,64.0,93.0,56.5,81.0
42.0,70.0,64.0,69.5,86.0,69.0,64.0,92.0,51.0,112.0
42.0,69.0,64.5,69.5,86.5,69.5,64.0,91.0,21.0,112.0
42.0,69.0,64.0,68.5,87.0,69.0,64.5,91.0,57.5,80.0
42.0,68.0,64.5,68.0,87.0,68.0,64.0,90.0,64.0,48.0
43.0,67.5,65.0,68.0,87.5,67.5,65.0,89.0,57.5,79.0
42.5,67.0,65.0,67.5,88.0,67.0,65.0,89.0,64.0,46.0
42.5,66.5,64.5,66.5,89.0,67.0,65.0,88.5,64.0,45.5
42.5,66.0,65.5,65.5,88.5,66.0,65.0,88.0,64.0,44.0
43.5,65.5,65.5,65.5,88.0,65.5,65.0,88.0,64.0,44.0
43.0,65.0,65.5,65.5,89.0,65.0,65.5,87.5,64.0,44.0
43.0,65.0,66.0,65.0,88.5,65.0,66.0,87.0,64.5,44.0
43.0,65.0,66.0,65.0,88.5,64.5,66.0,87.0,65.0,44.0
43.0,64.5,66.0,64.0,89.0,64.0,66.0,87.0,65.0,43.5
43.0,64.0,66.0,64.0,88.5,64.0,66.0,86.0,65.0,42.0
43.5,63.5,66.0,63.5,88.5,64.0,66.0,86.0,65.0,42.0
43.5,63.5,66.0,63.5,88.0,63.5,66.0,86.0,65.0,42.0
43.5,63.5,66.0,63.5,88.5,63.5,66.0,86.0,64.0,42.0
43.5,63.5,66.0,63.5,88.0,63.0,66.0,86.0,64.5,42.0
43.5,63.5,66.0,63.5,88.0,63.0,66.0,86.0,65.0,42.0
43.0,63.0,66.0,64.0,88.0,63.0,65.5,85.5,58.0,77.0
43.0,63.0,66.0,64.0,88.0,63.0,65.5,85.5,64.0,42.0
43.0,63.0,66.0,64.0,88.0,63.0,65.5,85.5,64.0,42.0
43.0,63.0,66.0,64.0,88.0,63.5,65.0,86.0,64.0,42.0
43.0,64.0,66.0,64.0,88.0,64.0,65.0,86.0,64.0,42.0
42.5,64.0,65.5,64.0,88.0,64.0,65.0,86.0,64.0,43.0
43.0,64.0,65.5,64.0,88.0,64.0,65.0,87.0,64.5,43.0
43.0,65.0,65.0,64.5,88.0,64.0,65.5,87.0,64.0,43.0
43.0,65.0,65.0,65.0,88.5,65.0,65.5,87.5,65.0,44.0
43.0,65.0,65.5,65.5,88.0,65.5,65.5,87.5,64.0,44.0
43.0,66.0,65.5,65.5,88.0,66.0,65.5,87.5,64.0,44.0
43.0,66.0,65.0,66.0,88.5,66.0,65.5,88.0,64.0,45.0
43.0,67.0,65.5,67.0,89.0,67.0,66.0,88.0,64.0,46.0
43.5,67.5,66.0,67.0,89.0,67.0,66.0,90.0,51.0,112.0
43.5,67.5,66.0,67.5,89.0,68.0,66.0,90.0,36.0,112.0
44.5,68.0,66.5,68.0,89.0,68.0,66.5,90.0,66.0,47.0
45.0,69.0,67.0,68.5,89.0,69.0,67.0,91.0,66.0,48.0
44.5,69.5,67.0,69.0,89.0,69.0,66.5,91.5,59.0,80.0
44.5,69.5,66.5,69.5,89.0,70.0,66.5,91.5,20.5,112.0
45.0,70.0,67.0,70.0,89.0,70.0,67.0,92.0,20.5,112.0
46.0,71.0,67.5,70.5,89.5,71.0,67.5,92.5,21.0,112.0
46.5,71.5,68.0,71.0,90.0,71.5,68.0,93.5,67.0,50.0
46.5,71.5,68.5,71.5,90.0,71.5,68.5,93.5,44.0,81.0
46.5,72.0,68.5,71.5,90.5,72.0,68.5,94.0,68.0,51.0
46.0,72.0,68.0,72.0,91.0,73.0,68.0,95.0,68.0,51.5
47.0,73.0,69.0,73.0,91.0,73.0,69.0,95.0,68.0,52.0
47.0,73.5,69.5,73.5,92.0,74.0,69.0,95.5,68.0,52.0
48.5,73.5,70.5,73.5,92.5,73.5,70.5,95.5,21.0,112.0
48.5,73.5,70.5,73.5,92.5,74.0,70.5,96.0,51.0,112.0
49.0,74.0,70.5,74.5,93.0,75.0,70.5,96.5,36.0,112.0
49.0,75.0,70.5,74.5,93.0,75.0,71.0,97.0,21.0,112.0
50.0,75.0,71.5,75.0,94.0,75.0,72.0,97.0,36.0,112.0
50.5,75.5,72.0,75.0,94.5,75.5,72.0,97.0,36.0,112.0
50.5,75.5,72.5,75.5,94.5,75.5,72.5,97.5,72.0,54.0
50.5,75.5,72.5,75.5,94.5,75.5,72.5,97.5,72.0,54.0
51.0,75.5,72.5,75.5,95.0,76.0,73.0,98.0,72.0,54.0
51.5,75.5,73.0,76.0,96.0,76.0,73.0,98.0,72.0,54.0
52.5,75.5,74.0,75.5,96.0,76.0,74.0,98.0,52.0,112.0
52.5,75.5,74.0,76.0,96.5,76.0,74.0,98.0,74.0,55.0
52.5,75.5,74.5,75.5,96.5,76.0,74.5,98.0,74.0,55.0
52.5,75.5,74.5,75.5,97.0,76.0,75.0,98.0,74.0,55.0
52.5,75.5,74.5,75.5,97.0,76.0,75.0,98.0,74.5,54.5
53.0,76.0,74.5,75.5,98.0,76.0,75.0,98.0,20.0,112.0
53.5,75.5,75.0,75.5,98.0,76.0,75.0,98.0,20.5,112.0
54.0,75.5,75.0,76.0,98.5,75.5,76.0,98.0,20.5,112.0
54.0,75.0,76.0,75.0,98.5,75.5,76.5,97.5,20.5,112.0
54.5,75.5,76.0,75.0,98.5,75.5,76.5,97.5,21.0,112.0
54.5,75.0,76.0,75.0,98.5,75.5,76.5,97.5,36.0,112.0
54.5,74.5,76.0,74.0,98.0,75.0,76.0,97.0,75.0,54.0
54.5,74.0,76.0,74.0,98.0,75.0,76.0,97.0,76.0,53.0
54.5,73.5,76.5,73.5,98.5,74.0,76.0,97.0,76.0,53.0
54.5,73.5,76.0,73.5,99.0,74.0,76.0,96.0,21.0,112.0
54.5,73.5,76.0,73.5,98.5,73.5,76.5,95.5,75.0,52.0
54.5,73.5,76.0,73.0,98.5,73.5,76.5,95.5,75.0,52.0
54.0,73.0,76.0,72.5,98.0,73.0,76.0,95.0,76.0,52.0
54.0,72.0,75.0,72.0,98.0,72.5,76.0,94.0,75.5,51.0
53.5,71.5,75.5,71.5,98.0,72.0,75.5,94.0,75.0,50.0
53.5,71.5,75.0,71.0,97.5,71.5,75.0,93.0,74.5,50.0
52.5,71.5,74.5,71.5,97.5,71.5,75.0,94.0,74.0,50.0
53.0,71.0,74.5,71.0,97.0,71.0,74.0,93.0,74.0,50.0
52.0,70.0,74.0,70.0,96.5,70.5,74.5,92.5,74.0,49.0
51.5,70.0,73.0,70.0,96.0,70.0,73.0,92.0,72.0,48.0
50.5,69.5,72.5,69.5,95.5,69.5,73.0,92.0,72.0,48.0
50.5,69.5,72.5,69.5,95.0,69.0,72.5,91.5,36.0,112.0
50.0,69.0,72.0,69.0,94.0,69.0,72.0,91.0,71.0,48.0
49.0,68.0,71.0,68.0,94.0,68.0,71.0,91.0,70.0,47.0
48.5,67.5,70.5,67.5,93.0,68.0,70.5,90.0,70.0,46.5
48.0,67.0,70.0,67.5,92.5,67.5,70.5,89.5,69.0,46.0
47.0,67.0,69.0,67.0,92.0,67.5,69.0,89.5,69.0,46.0
46.0,67.0,68.0,67.0,90.5,67.5,68.0,89.0,68.0,46.0
46.0,67.0,68.0,67.0,90.0,67.0,68.0,89.0,68.0,45.0
46.0,66.0,67.0,66.0,89.0,66.5,67.0,89.0,66.0,45.0
44.5,66.0,67.0,66.0,89.0,66.0,67.0,88.0,66.0,45.0
43.5,66.0,66.0,66.0,89.0,66.0,66.0,88.0,65.0,44.0
42.0,66.0,65.0,66.0,88.0,66.0,65.0,88.0,65.0,44.0
42.0,66.0,64.0,66.0,87.0,65.0,64.0,88.0,52.0,112.0
42.0,65.5,63.5,65.5,85.5,65.5,64.0,88.0,62.0,44.0
41.0,66.0,63.0,65.5,85.0,65.0,63.0,87.0,62.0,44.0
41.0,66.0,63.0,66.0,84.5,65.5,63.0,87.0,62.0,44.0
40.0,65.5,62.5,65.5,84.5,65.5,63.0,87.0,62.0,43.5
39.5,65.5,62.0,65.0,84.0,65.5,62.0,87.0,61.0,44.0
39.5,65.5,61.5,65.5,83.5,65.5,61.5,87.5,61.0,44.0
38.5,65.5,60.5,65.5,83.0,65.0,60.5,87.5,60.0,44.0
38.0,65.5,60.5,65.5,82.5,65.5,60.0,87.0,60.0,43.5
37.0,65.5,60.0,65.5,82.0,65.5,59.5,87.5,58.5,44.0
37.0,65.5,59.0,65.5,81.5,65.5,59.0,87.5,58.0,44.0
36.5,65.5,59.0,65.0,81.0,65.5,58.5,87.5,51.0,112.0
36.0,65.5,58.5,65.5,80.5,65.5,58.5,87.5,51.0,112.0
35.5,65.5,58.5,65.5,80.5,65.5,58.5,87.5,54.0,78.0
35.5,65.5,58.0,66.0,80.5,65.5,58.0,87.0,56.0,44.0
35.5,65.5,58.0,65.5,80.0,65.0,58.0,87.5,56.0,44.0
35.5,65.5,58.0,65.5,80.0,65.0,58.0,87.0,56.0,44.0
35.5,65.5,58.0,65.5,80.0,65.0,58.0,87.0,56.0,44.0
35.5,66.0,58.0,66.0,80.0,66.0,58.0,88.0,56.5,44.0
35.0,66.0,58.0,66.0,80.0,66.0,58.0,87.5,56.5,44.0
35.0,66.0,58.0,66.0,80.5,66.0,58.0,88.0,56.0,45.0
36.0,66.0,58.5,66.0,80.5,66.0,58.5,88.5,58.0,45.0
36.0,66.0,58.5,66.5,80.5,66.5,58.5,88.5,58.0,45.0
36.5,66.5,58.5,66.5,80.5,66.5,58.5,88.5,58.0,45.0
37.0,67.0,59.0,67.0,81.0,67.0,59.0,89.0,59.0,45.0
37.5,66.5,59.5,66.5,82.0,67.0,59.0,89.0,59.0,45.0
38.0,67.0,60.0,67.0,82.0,67.0,59.5,88.5,60.0,45.0
38.5,66.5,60.5,67.0,82.5,67.0,60.5,89.0,60.0,45.0
39.0,67.0,61.0,67.0,83.5,67.0,61.0,89.0,61.0,45.0
39.5,67.0,62.0,67.0,84.0,67.0,61.5,89.0,61.5,45.0
40.0,67.0,62.0,67.0,84.0,67.0,62.0,89.0,62.0,45.0
40.5,66.5,62.5,66.5,84.5,66.5,62.5,88.5,62.0,46.0
41.0,66.0,63.0,66.0,85.0,67.0,62.5,88.5,62.0,45.5
41.5,66.5,63.0,66.0,85.0,67.0,63.0,88.5,62.0,45.0
42.0,66.0,64.0,66.5,86.0,66.0,63.0,88.0,63.0,45.0
42.0,66.0,64.0,66.0,87.0,66.0,64.0,88.0,64.0,46.0
42.5,66.0,65.0,66.0,88.0,66.0,65.0,88.0,64.0,44.0
43.5,65.5,66.0,65.5,89.0,66.0,66.0,88.0,57.5,78.0
45.0,65.5,66.5,65.5,89.0,66.0,66.5,87.5,36.0,112.0
45.0,65.5,67.0,65.5,90.0,65.5,67.0,87.5,66.0,44.0
46.0,65.0,68.0,65.0,90.0,65.5,68.0,87.0,67.0,44.0
46.0,65.0,68.0,65.0,91.0,65.0,68.0,87.0,68.0,44.0
47.0,64.0,69.0,64.0,92.0,64.0,69.0,86.5,68.0,43.0
47.0,64.0,69.5,64.0,93.0,64.0,70.0,86.0,68.0,42.0
48.0,63.5,70.5,63.5,93.0,63.5,71.0,86.0,51.0,112.0
49.0,63.5,71.0,63.5,93.5,63.5,70.5,85.0,70.0,42.0
50.0,63.0,71.0,63.0,94.0,63.0,71.0,85.0,71.0,41.0
50.0,62.5,72.0,63.0,94.5,62.5,72.0,85.0,72.0,41.5
50.5,62.5,72.5,62.5,96.0,62.0,73.0,84.0,72.0,41.0
51.0,62.0,73.0,62.0,95.5,61.5,73.0,84.0,72.0,40.0
52.0,61.0,74.0,61.0,96.0,61.0,73.5,83.5,73.0,39.0
52.0,61.0,74.0,61.0,97.0,60.5,74.0,83.0,74.0,39.5
52.5,60.5,74.5,60.5,97.0,60.0,74.5,82.5,74.5,38.5
53.0,60.0,75.0,60.0,98.0,60.0,75.0,82.0,75.0,38.0
53.0,60.0,75.0,60.0,98.0,59.0,75.0,82.0,75.0,37.0
53.0,59.0,75.0,59.0,98.0,59.0,75.5,81.5,75.0,37.0
53.0,59.0,75.0,59.0,99.0,59.0,75.5,80.5,75.0,37.0
53.0,59.0,75.0,59.0,99.0,58.0,75.5,80.5,75.0,37.0
53.0,59.0,75.0,59.0,99.0,58.0,75.5,80.5,75.0,37.0
54.0,58.0,75.5,58.0,99.0,58.0,75.5,80.5,74.0,36.0
54.0,58.0,76.0,58.0,99.0,58.0,75.5,80.0,76.0,35.0
54.0,58.0,75.5,57.5,99.0,57.0,76.0,80.0,75.0,35.0
54.0,57.0,75.5,57.5,99.0,57.0,75.0,79.0,75.0,35.0
53.0,57.0,75.0,57.0,99.0,57.0,75.0,79.0,75.0,35.0
53.0,57.0,75.0,57.0,99.0,57.0,75.0,79.0,75.0,34.5
53.0,57.0,75.0,57.0,97.5,57.0,75.0,79.0,75.0,35.0
53.0,57.0,75.0,57.0,97.0,57.0,75.0,79.0,75.0,35.0
53.0,57.0,75.0,57.0,97.0,57.0,75.0,79.0,75.0,35.0
52.0,57.0,74.0,57.0,97.0,57.0,74.0,78.0,74.0,34.5
52.0,56.0,73.5,56.5,97.0,57.0,74.0,78.0,73.0,35.0
51.5,56.5,73.5,56.5,97.0,57.0,73.5,78.5,73.0,35.0
51.0,57.0,73.0,57.0,96.0,57.0,73.0,79.0,73.0,35.0
51.0,57.0,73.0,57.0,96.0,57.0,73.0,79.0,73.0,35.0
50.0,58.0,72.0,58.0,95.0,58.0,71.5,79.5,72.0,35.0
49.5,58.0,72.0,58.0,95.0,58.0,71.0,80.0,71.5,35.5
49.0,58.0,71.5,58.5,94.0,58.0,71.0,80.0,71.0,36.5
49.0,59.0,71.0,59.0,93.5,58.5,71.0,81.0,71.0,36.0
48.0,59.0,70.0,59.0,93.0,59.0,70.0,81.0,70.0,37.0
47.0,60.0,70.0,60.0,92.0,60.0,70.0,82.0,69.0,38.0
47.5,60.5,69.0,60.5,92.0,60.0,69.0,82.0,69.0,39.0
47.0,61.0,69.0,61.0,91.0,61.0,69.0,83.0,68.0,39.0
46.0,62.0,68.0,61.0,91.5,61.5,68.0,83.5,68.0,39.5
46.0,62.0,68.0,62.0,90.5,61.5,68.0,84.0,66.5,40.0
45.0,63.0,67.0,63.0,90.0,63.0,67.0,85.0,67.0,41.0
45.0,63.5,67.0,63.5,89.0,63.0,67.0,85.0,67.0,41.0
44.5,64.0,66.5,64.0,89.0,64.0,67.0,86.0,66.5,42.5
44.0,65.0,66.0,65.0,88.5,64.5,66.0,87.0,66.0,43.0
43.5,65.5,65.5,65.5,88.0,65.5,65.5,87.5,64.5,44.0
43.0,66.0,65.5,66.0,88.5,66.0,65.0,88.0,64.5,44.0
42.5,67.0,64.0,67.0,88.0,67.0,65.0,89.0,64.0,46.0
42.5,67.5,64.5,67.5,87.5,67.5,65.0,89.0,58.5,79.5
42.0,68.0,64.5,68.0,87.0,68.0,64.5,90.0,64.0,47.5
42.0,69.0,64.0,69.0,87.0,69.0,64.0,91.0,64.0,48.0
42.0,69.0,64.5,69.5,86.5,69.0,64.5,91.5,53.0,112.0
42.0,70.5,64.0,70.0,86.5,70.0,64.0,92.0,58.5,80.5
42.0,71.0,64.0,71.0,86.0,71.0,64.0,93.0,58.5,81.0
42.0,71.5,64.0,71.0,86.0,72.0,64.0,93.0,62.0,50.0
42.0,72.0,64.0,71.0,86.0,72.0,64.0,94.0,62.5,50.5
42.0,72.0,64.0,72.0,85.0,72.0,64.0,94.0,57.5,81.5
42.0,73.0,64.0,73.0,86.0,73.0,64.0,95.0,64.0,51.5
42.5,73.5,64.5,73.5,86.0,73.5,64.0,95.5,64.0,52.0
42.0,74.0,64.5,73.5,86.0,74.0,64.0,96.0,64.0,52.0
42.5,74.5,64.0,74.0,86.0,74.0,64.0,96.5,36.0,112.0
42.0,75.0,64.0,75.0,86.5,75.0,64.0,97.0,52.0,112.0
42.5,75.5,64.5,75.5,86.5,75.5,64.5,97.5,52.5,112.0
42.5,75.5,64.5,75.5,86.5,75.5,64.5,97.5,52.5,112.0
42.0,76.0,64.5,75.5,86.5,75.5,64.5,97.5,52.5,112.0
42.0,76.0,64.5,75.5,86.5,75.5,65.0,98.0,52.0,112.0
42.5,76.5,65.0,76.0,87.0,76.0,65.0,98.0,52.0,112.0
42.5,76.5,65.0,76.0,87.0,76.0,65.0,98.0,52.0,112.0
43.0,77.0,65.0,76.0,87.0,76.5,65.0,99.0,36.0,112.0
43.0,77.0,65.0,76.0,88.0,76.0,65.0,99.0,21.0,112.0
44.0,77.0,66.0,76.0,88.0,76.0,66.0,99.0,21.0,112.0
44.0,77.0,66.0,76.0,89.0,76.0,66.0,99.0,36.0,112.0
44.0,77.0,66.5,76.5,89.0,76.5,66.0,99.0,21.0,112.0
44.5,76.5,66.5,76.5,89.0,76.5,66.5,98.5,21.0,112.0
44.5,76.5,67.0,76.0,89.0,76.5,66.5,98.5,36.0,112.0
45.0,76.0,66.5,75.5,89.0,76.5,66.5,98.5,36.0,112.0
45.0,76.0,66.5,75.5,89.0,76.0,67.0,98.0,21.0,112.0
45.0,76.0,66.5,75.5,89.0,76.0,67.0,98.0,21.0,112.0
45.0,75.0,66.5,75.5,88.5,75.5,66.5,97.5,59.0,83.0
45.0,75.0,67.0,75.0,88.5,75.5,66.5,97.5,59.0,83.0
45.5,75.0,67.0,74.5,89.0,75.0,67.0,97.0,52.0,112.0
45.5,74.5,67.0,74.5,89.0,75.0,67.0,97.0,53.0,112.0
46.0,74.0,67.0,74.0,89.0,74.0,67.0,96.0,53.0,112.0
45.5,73.5,67.5,73.5,89.5,73.5,67.5,95.5,52.5,112.0
45.5,73.5,67.5,73.5,89.5,73.5,67.5,95.5,59.0,82.0
46.0,73.0,67.0,73.0,89.0,73.0,67.5,95.5,51.0,112.0
46.0,72.0,67.5,72.0,89.0,72.0,67.5,94.5,59.0,81.5
45.5,71.5,67.5,71.5,90.0,72.0,67.5,93.5,60.0,81.0
45.5,71.5,67.5,71.5,90.0,71.0,67.5,93.5,60.0,81.0
46.0,71.0,67.0,71.0,89.0,71.0,67.0,93.0,67.0,50.0
45.0,70.0,67.0,70.0,89.0,70.5,67.0,92.0,67.0,49.5
45.0,70.0,67.0,70.0,89.0,70.0,66.5,91.5,66.0,48.0
45.0,70.0,67.0,69.0,89.0,69.0,66.5,91.5,59.5,80.0
44.5,68.5,67.0,68.0,89.0,68.5,67.0,90.5,59.5,79.5
44.5,67.5,67.0,68.0,89.0,68.0,67.0,90.0,59.5,79.5
44.0,67.5,66.5,67.5,89.0,67.0,66.0,90.0,58.5,79.0
44.0,67.0,66.0,67.0,89.0,67.0,66.0,89.0,66.0,46.0
43.0,66.0,66.0,66.0,89.0,66.0,66.0,88.0,64.5,44.5
43.0,66.0,65.5,65.5,88.0,66.0,65.0,88.0,64.0,44.0
43.0,65.0,65.0,65.0,87.5,65.5,65.5,87.5,64.5,44.0
42.0,65.0,64.5,65.0,87.5,65.0,64.5,87.0,64.0,44.0
42.5,64.5,64.0,64.0,87.0,64.0,64.0,86.0,64.0,43.5
42.0,64.0,64.0,64.0,86.0,64.0,64.0,86.0,53.0,112.0
42.0,63.5,64.0,63.5,86.0,63.5,64.0,86.0,53.0,112.0
41.0,63.0,64.0,63.0,86.0,63.0,63.5,85.0,63.0,42.0
41.0,63.0,63.0,63.0,85.0,62.0,63.0,85.0,62.0,41.5
41.0,62.5,63.0,62.0,85.0,62.0,62.5,84.5,57.5,77.0
41.0,62.0,63.0,62.0,85.0,62.0,62.5,84.5,62.0,41.0
40.0,61.5,63.0,62.0,85.0,62.0,62.5,84.0,62.0,41.5
40.0,61.0,63.0,61.5,84.5,61.0,63.0,84.0,61.0,40.0
39.5,61.5,62.0,61.0,84.5,61.0,62.0,83.0,61.0,40.0
39.0,61.0,62.0,61.0,84.0,61.0,62.0,83.0,61.0,39.0
39.0,61.0,62.0,61.0,83.5,61.0,61.0,83.0,61.0,39.0
38.5,61.0,61.5,61.0,83.5,61.0,61.0,83.0,60.5,39.0
38.5,61.0,61.0,61.0,83.0,61.0,61.0,83.0,60.0,39.0
38.0,61.0,61.0,61.0,83.0,61.0,61.0,83.0,60.0,40.0
38.0,61.0,61.0,61.0,83.0,61.0,60.5,83.0,60.0,40.0
38.0,61.0,60.5,61.0,83.0,61.0,60.5,83.0,60.0,40.0
38.0,61.0,60.0,61.0,83.0,61.0,60.0,83.0,60.0,40.0
38.0,61.5,60.5,61.5,83.0,61.0,60.0,83.0,59.5,40.0
38.0,61.5,60.5,61.5,83.0,61.0,60.0,83.0,60.0,39.5
38.0,61.5,60.5,61.5,82.5,61.5,60.5,83.5,60.0,40.0
38.0,61.5,61.0,61.5,83.0,61.0,60.5,83.5,60.0,40.0
38.0,62.0,61.0,62.0,82.5,62.0,60.5,84.0,60.0,40.0
38.5,62.0,61.0,62.0,83.0,62.0,60.5,84.0,60.5,40.0
38.5,62.5,61.0,62.0,83.0,62.0,60.0,85.0,61.0,40.5
38.5,63.0,61.5,63.0,84.0,63.0,61.0,85.0,60.0,41.0
39.0,63.0,62.0,63.0,84.0,63.0,61.5,85.0,61.0,41.5
39.5,63.5,62.0,63.0,84.0,63.5,61.5,85.5,61.0,42.0
40.0,63.5,62.0,64.0,84.0,64.0,62.0,86.0,62.0,41.5
40.0,64.0,62.5,64.5,84.5,64.5,62.0,86.0,62.5,42.5
41.0,64.0,62.5,64.5,84.5,64.5,62.5,86.5,62.0,43.0
41.0,64.0,63.0,65.0,85.0,64.5,63.0,87.0,62.0,43.0
41.0,65.0,63.0,65.0,85.0,65.0,63.0,87.0,63.0,43.0
41.5,65.5,63.0,65.0,86.0,65.0,63.0,87.0,63.0,43.0
42.0,65.0,63.5,65.5,86.0,65.0,63.5,87.5,63.5,44.0
42.0,66.0,64.5,65.5,87.5,65.5,64.5,87.5,64.0,44.0
42.5,66.0,65.0,65.0,87.5,65.5,65.0,88.0,65.0,44.0
44.0,66.0,66.0,66.0,88.5,66.0,65.0,88.0,65.0,44.0
44.0,66.0,67.0,66.0,89.0,66.0,66.0,88.0,66.0,44.5
45.0,66.0,66.5,66.0,89.0,66.0,66.5,88.0,66.0,45.0
46.0,66.5,67.0,66.5,89.0,67.0,67.0,89.0,67.0,45.0
46.0,67.0,68.0,67.0,90.0,66.5,68.0,89.0,67.5,45.0
46.5,66.5,68.5,66.5,91.0,67.0,68.0,89.0,68.0,45.0
46.0,67.0,68.0,67.0,91.0,67.0,68.0,89.0,68.0,45.5
46.5,67.0,69.0,67.0,92.0,67.5,69.0,89.0,68.0,45.5
47.0,67.0,70.0,67.0,92.0,67.0,69.5,89.5,69.0,46.0
48.0,67.0,70.0,67.0,92.0,67.0,70.5,89.5,59.5,79.0
48.0,67.0,70.5,67.0,93.0,67.0,70.5,89.5,51.0,112.0
49.0,67.0,70.5,67.5,93.5,67.5,70.5,89.5,21.0,112.0
49.0,67.0,71.0,67.0,94.0,67.0,71.0,89.5,70.5,46.0
50.0,67.5,71.0,67.0,94.0,67.0,71.5,89.5,71.0,46.0
50.0,67.0,72.0,67.0,94.0,67.0,72.0,89.0,71.0,46.0
50.0,67.0,72.0,67.0,94.5,67.0,72.0,89.0,71.5,46.0
50.5,67.0,72.0,67.0,94.5,67.0,72.0,89.0,72.0,46.0
50.5,67.0,72.5,67.0,95.0,67.0,72.5,88.5,72.0,46.0
50.5,67.0,72.5,67.0,95.0,67.0,72.5,88.5,72.0,45.0
50.5,67.0,72.0,67.0,95.0,67.0,72.5,88.5,72.0,45.0
51.0,66.0,72.5,66.5,95.0,66.0,72.5,88.5,72.0,45.0
50.5,66.0,73.0,66.0,95.0,66.0,73.0,88.0,61.5,79.0
50.5,66.0,72.5,66.0,95.0,66.0,73.0,88.0,61.5,79.0
50.5,66.0,72.5,66.0,95.0,66.0,73.0,88.0,61.5,79.0
50.5,66.0,72.5,66.0,95.0,66.0,72.5,88.0,61.5,79.0
50.5,66.0,72.5,66.0,95.0,66.0,72.5,88.0,50.5,112.0
51.0,66.0,72.5,66.0,95.0,66.0,72.5,88.0,50.5,112.0
50.0,65.5,72.0,65.0,95.0,66.0,72.0,87.5,51.0,112.0
49.5,65.5,71.5,65.5,94.0,65.5,71.5,87.5,60.5,78.0
49.0,66.0,71.0,66.0,93.5,65.5,71.5,87.5,51.0,112.0
48.5,65.5,70.5,65.5,93.0,66.0,70.5,87.5,70.0,44.0
47.5,65.5,69.5,65.5,92.5,65.5,69.5,87.5,69.0,44.0
47.5,65.5,69.5,65.5,92.0,65.5,69.5,87.5,69.0,44.0
47.0,66.0,69.0,66.0,91.5,65.5,69.0,88.0,68.0,44.0
46.0,66.0,68.5,65.5,90.0,65.0,68.0,87.0,59.5,78.0
45.5,65.5,67.5,65.5,90.0,66.0,67.5,87.5,66.0,44.0
45.0,65.5,67.0,66.0,89.0,66.0,66.5,87.5,66.0,44.0
43.5,65.5,66.0,66.0,89.0,66.0,66.0,88.0,65.0,44.0
43.0,66.0,65.0,66.0,88.0,66.0,65.0,88.0,65.0,44.0
42.0,66.0,64.0,66.0,87.0,66.0,64.0,88.0,64.0,45.0
41.5,66.5,63.0,66.0,85.0,66.0,63.0,88.0,63.0,44.5
40.5,66.5,63.0,66.0,84.5,66.5,63.0,88.0,62.0,45.0
40.5,67.0,62.5,66.5,84.5,66.5,62.0,89.0,62.0,45.0
40.0,67.0,62.0,67.0,84.0,67.0,61.5,89.5,61.0,46.0
38.5,67.5,60.5,67.5,83.0,67.5,60.5,89.5,60.0,46.0
37.5,67.5,60.0,67.5,82.0,67.5,59.5,89.5,59.0,46.0
37.0,68.0,59.0,68.0,81.0,68.0,58.5,90.5,58.0,47.0
36.0,69.0,58.5,68.5,80.0,69.0,58.0,91.0,58.0,47.0
34.5,69.5,57.0,69.0,79.0,69.0,56.5,91.5,56.5,47.5
34.5,69.5,56.5,69.5,78.5,69.5,56.5,91.5,56.0,48.0
34.0,70.0,56.0,70.0,78.0,70.0,56.0,92.0,55.0,48.0
32.5,70.5,55.0,70.0,77.0,70.5,54.5,92.5,54.5,48.5
32.0,71.0,54.5,70.5,76.0,71.0,54.0,93.0,54.0,49.5
31.5,71.5,54.5,71.5,75.5,71.5,53.5,93.5,54.0,50.0
31.0,72.0,53.5,71.5,75.0,72.0,53.0,94.0,53.0,50.0
30.5,72.5,53.0,72.5,75.0,72.0,52.5,94.5,52.0,51.0
30.0,73.0,52.5,72.5,74.0,73.0,52.0,95.0,52.0,52.0
29.5,73.5,52.5,73.5,74.0,73.0,51.5,95.5,21.0,112.0
29.0,74.5,52.0,74.0,73.5,73.5,51.5,96.0,21.0,112.0
29.0,75.0,51.5,74.0,73.0,74.5,51.0,97.0,21.0,112.0
28.5,75.5,51.0,74.5,73.0,75.0,50.5,97.5,36.0,112.0
28.5,75.5,51.0,75.0,72.5,75.5,50.5,97.5,50.0,83.0
28.0,76.0,50.5,75.5,72.5,75.5,50.0,98.0,50.0,83.0
28.0,76.5,50.5,76.0,72.5,76.0,50.0,98.5,50.0,83.5
27.5,77.0,50.5,76.5,72.0,76.5,49.5,99.0,35.5,112.0
27.5,77.5,50.5,77.0,72.0,77.0,50.0,99.0,50.0,84.0
28.0,78.0,50.5,77.5,72.0,77.5,50.0,100.0,50.0,112.0
28.0,78.0,50.5,77.5,72.0,77.5,50.0,100.0,21.0,112.0
28.0,78.5,50.5,78.0,72.0,77.5,50.0,100.5,50.0,112.0
28.0,79.0,50.5,78.5,72.0,78.0,50.0,101.0,21.0,112.0
28.0,79.0,50.5,78.5,72.0,79.0,50.0,101.0,50.0,58.0
28.5,79.5,50.5,79.0,72.5,79.0,50.5,101.5,21.0,112.0
28.5,79.5,51.0,79.5,73.0,79.0,50.5,101.5,36.0,112.0
29.0,80.0,51.0,79.0,73.0,79.0,51.0,102.0,51.0,112.0
29.0,80.0,51.5,79.5,73.0,79.5,51.0,102.0,36.0,112.0
29.5,80.0,52.0,79.5,73.5,79.5,51.0,102.0,34.0,85.0
30.0,80.0,52.0,80.0,74.0,79.5,51.5,102.0,52.0,58.0
30.0,80.0,52.5,79.5,74.0,80.0,52.0,102.5,52.0,58.0
31.0,80.0,53.0,79.5,74.5,79.5,52.5,102.5,21.0,112.0
31.0,80.5,53.5,80.0,75.0,80.0,53.0,102.0,21.0,112.0
31.0,80.0,54.0,80.0,75.5,80.0,53.0,102.5,21.0,112.0
32.0,80.5,54.0,80.0,76.0,80.0,54.0,102.5,20.5,112.0
32.5,80.0,54.5,79.5,76.0,80.0,54.0,102.0,20.5,112.0
33.0,80.0,55.0,79.5,76.5,79.5,55.0,102.0,20.0,112.0
33.5,80.0,56.0,79.0,77.0,79.5,55.5,102.0,54.0,85.0
34.0,80.0,56.0,79.0,78.0,79.0,56.0,102.0,56.0,58.0
34.5,79.5,57.0,79.0,78.0,79.0,56.5,101.5,56.0,58.0
35.0,79.5,57.0,78.5,79.0,79.0,56.5,101.5,51.0,112.0
35.5,79.0,58.0,78.0,79.0,79.0,57.0,101.0,51.0,112.0
36.0,78.5,58.0,78.0,80.0,78.5,58.0,101.0,51.0,112.0
36.5,78.0,58.5,77.5,80.5,78.0,58.0,100.0,51.0,112.0
37.0,77.5,59.0,77.5,80.5,77.5,59.0,100.0,51.0,112.0
37.5,77.5,59.5,77.0,81.0,77.0,59.0,100.0,59.0,56.0
38.5,77.0,60.0,76.5,82.0,77.0,59.5,99.0,52.0,112.0
38.5,76.5,60.5,76.0,82.0,76.0,60.5,98.5,56.5,83.5
39.0,76.0,60.5,75.5,82.5,75.5,61.0,98.0,53.0,112.0
39.5,75.5,61.0,75.0,83.0,75.0,61.5,97.5,61.0,54.0
40.0,75.0,62.0,75.0,84.0,75.0,62.0,97.0,61.5,53.5
40.5,74.0,62.5,73.5,84.0,74.0,62.5,96.5,62.0,53.0
40.5,73.5,62.5,73.5,84.5,73.5,63.0,96.0,56.5,82.0
40.5,73.5,62.5,73.5,84.5,73.5,62.5,95.5,56.5,82.0
41.0,73.0,63.0,72.0,85.0,73.0,63.0,95.0,56.5,82.0
41.0,72.0,63.0,71.0,85.0,72.0,63.0,94.0,63.0,50.0
41.5,71.5,63.0,71.0,85.0,71.5,63.0,93.0,62.5,50.0
42.0,71.0,64.0,71.0,86.0,71.0,63.0,93.0,63.0,49.5
42.0,71.0,64.0,70.5,86.0,70.0,64.0,93.0,64.0,49.0
42.0,70.0,64.0,70.0,86.0,69.5,64.0,92.0,64.0,48.0
42.0,69.0,64.0,69.0,87.0,69.5,64.5,91.5,64.0,48.0
42.0,69.0,64.0,69.0,87.0,69.0,64.5,91.0,64.0,47.0
42.0,68.0,64.5,68.0,88.0,68.5,64.0,91.0,64.0,46.5
42.5,68.0,65.0,68.0,88.0,68.0,64.5,90.0,64.0,46.0
43.0,67.5,65.0,68.0,88.0,68.0,65.5,89.5,65.0,46.0
42.5,67.0,65.5,67.5,88.5,67.0,65.0,89.0,65.0,45.0
43.0,67.0,65.0,67.0,88.5,67.0,64.5,89.0,65.0,45.0
43.0,66.0,65.0,66.0,88.0,66.0,65.0,88.0,65.0,44.0
43.0,66.0,65.0,66.0,88.5,66.0,65.5,88.0,65.0,44.0
43.0,66.0,65.5,65.5,88.5,66.0,65.0,88.0,65.0,44.0
43.5,65.5,65.5,65.5,88.0,66.0,65.0,88.0,65.0,44.0
43.5,65.5,65.5,65.5,88.0,66.0,65.5,87.5,65.0,44.0
43.5,65.5,65.5,65.5,88.0,66.0,65.5,87.5,65.0,44.0
43.5,65.5,65.5,65.5,88.0,66.0,65.5,87.5,65.0,44.0
43.5,65.5,65.5,65.5,88.0,66.0,65.5,87.5,65.0,44.0
43.5,65.5,65.5,65.5,88.0,66.0,65.5,87.5,65.0,44.0
43.5,65.5,65.5,65.5,88.0,66.0,65.5,87.5,65.0,44.0
43.5,65.5,65.5,65.5,88.0,66.0,65.5,87.5,65.0,44.0
43.5,65.5,65.5,65.5,88.0,66.0,65.5,87.5,65.0,44.0
43.5,65.5,65.5,65.5,88.0,66.0,65.5,87.5,65.0,44.0
43.0,66.0,65.5,65.5,88.5,66.0,65.0,88.0,65.0,44.0
43.0,66.0,65.5,66.0,88.5,66.0,66.0,88.0,65.0,44.0
42.5,66.5,65.0,66.0,88.5,66.0,65.5,88.0,65.5,44.5
43.0,67.0,66.0,67.0,88.5,67.0,66.0,88.5,66.0,45.0
43.5,67.5,66.0,67.0,89.0,67.0,66.0,90.0,65.0,46.0
43.5,67.5,66.0,67.0,89.0,68.0,66.0,90.0,66.0,45.5
44.0,68.0,66.0,67.5,89.0,68.0,66.0,90.0,66.0,46.0
44.0,68.0,67.0,68.0,89.0,68.0,66.5,90.0,66.0,46.0
44.0,69.0,66.5,69.0,89.0,69.0,66.5,91.0,66.0,47.0
44.5,69.5,67.0,69.0,89.0,69.0,66.5,91.5,66.0,48.0
45.0,69.0,66.5,69.5,89.0,70.0,66.5,91.5,66.0,48.0
45.0,70.0,67.0,70.0,89.0,70.0,67.0,92.0,67.0,48.0
45.5,71.0,67.0,71.0,89.0,71.0,67.0,93.0,67.0,49.0
45.5,71.5,67.5,71.5,90.0,71.5,67.5,93.5,67.0,50.0
46.5,71.5,68.0,71.5,90.0,71.0,68.0,94.0,68.0,50.0
46.0,72.0,68.0,72.0,90.0,72.0,68.0,94.0,68.0,50.5
46.0,73.0,68.0,72.0,91.0,73.0,68.5,95.0,68.0,51.5
46.5,73.5,68.0,73.0,90.5,73.5,68.5,95.5,68.0,52.0
47.0,73.5,68.5,73.5,91.0,73.0,69.0,96.0,68.5,52.0
47.5,73.5,69.5,73.5,92.0,74.0,69.0,96.0,69.0,52.0
48.0,74.0,70.0,74.0,92.5,74.5,70.0,96.5,70.0,53.0
48.5,74.5,70.5,74.5,92.5,75.0,70.5,97.5,70.0,54.0
48.5,75.5,70.5,75.5,92.5,75.5,70.5,97.5,70.0,54.0
49.0,75.0,70.5,75.5,93.0,75.5,70.5,97.5,70.0,54.0
50.0,75.5,71.5,75.5,94.0,76.0,71.5,97.5,71.0,54.0
50.5,75.5,72.0,76.0,94.0,76.0,72.0,98.0,72.0,54.0
51.0,76.0,72.5,75.5,94.5,76.5,72.5,98.5,72.0,55.0
51.0,76.0,73.0,76.0,95.0,77.0,73.0,99.0,72.5,55.0
51.0,77.0,73.0,76.0,95.5,77.0,73.0,99.0,72.5,55.5
52.0,77.0,73.0,77.0,96.0,77.0,74.0,99.0,73.0,56.0
52.0,77.0,74.0,77.0,96.5,77.5,74.5,99.5,74.0,56.0
52.0,77.0,74.5,77.0,96.5,77.5,74.5,99.5,74.0,56.0
53.0,77.0,75.0,77.0,96.5,77.5,74.5,99.5,74.0,56.0
53.0,77.0,75.0,77.0,97.0,77.0,74.5,99.5,74.0,56.0
54.0,77.0,75.0,77.0,98.0,77.5,75.0,99.0,74.0,56.0
54.0,77.0,75.0,77.0,98.0,77.0,76.0,99.0,75.0,56.0
54.0,77.0,75.5,77.0,98.5,77.5,76.5,99.5,75.5,56.0
54.5,77.0,76.0,77.0,98.5,77.5,76.5,99.5,76.0,56.0
54.0,77.0,76.5,76.5,98.5,77.5,76.5,99.0,76.5,55.5
54.0,77.0,76.5,76.5,99.0,77.0,76.5,99.0,76.5,55.5
54.0,76.0,77.0,76.0,99.0,77.0,76.5,99.0,77.0,55.0
54.5,75.5,76.5,75.5,99.5,76.5,76.0,99.0,76.0,55.0
55.0,76.0,76.5,75.5,100.0,76.0,77.0,98.0,76.5,54.5
55.0,75.5,76.5,75.5,100.0,76.0,77.0,97.0,76.0,54.0
55.0,76.0,76.5,75.5,100.0,75.5,77.0,97.0,76.0,54.0
55.5,75.5,77.0,75.0,100.0,75.5,77.0,97.0,76.0,54.0
55.0,74.0,77.0,74.5,100.5,75.0,78.0,97.0,76.0,53.5
55.5,74.0,77.0,73.0,100.0,74.0,77.5,97.0,76.0,53.5
55.5,73.5,77.0,73.0,100.0,74.0,77.0,96.0,76.0,52.5
55.0,73.0,77.0,73.0,99.5,73.5,77.0,96.0,76.0,52.5
55.0,73.0,76.5,73.5,99.5,73.5,76.5,95.5,21.0,112.0
54.5,72.5,76.5,72.5,99.0,73.0,77.0,95.0,76.0,52.0
54.0,72.0,77.0,72.0,99.0,73.0,76.5,94.5,76.0,51.5
55.0,72.0,76.0,72.0,99.0,72.0,76.5,94.0,76.0,50.0
54.0,71.5,75.5,71.5,98.0,71.5,76.0,93.0,75.0,50.0
53.5,71.5,75.5,71.0,98.0,71.0,76.0,93.0,75.0,50.0
53.0,71.0,74.5,71.0,97.0,71.0,75.0,93.0,75.0,49.0
53.0,70.0,74.5,70.5,96.5,70.5,75.0,92.0,74.0,49.0
52.0,69.5,74.0,70.0,96.5,70.5,74.0,92.0,74.0,48.0
51.5,69.5,73.0,70.0,96.0,69.5,73.5,91.5,72.0,48.0
51.0,69.0,72.5,69.5,95.5,69.5,73.0,91.0,61.5,80.0
50.5,68.5,72.0,69.0,94.5,68.5,72.0,91.0,72.0,48.0
50.0,68.0,71.5,67.5,94.5,68.0,71.5,90.5,71.0,46.0
49.0,67.0,70.5,67.5,93.0,67.5,71.0,90.0,70.0,46.0
48.5,67.5,70.5,67.5,92.5,67.5,70.5,89.5,70.0,46.0
47.5,67.5,69.5,67.5,92.0,67.5,69.5,89.5,69.0,46.0
46.0,67.0,68.0,67.0,91.0,67.0,69.0,89.0,68.0,45.5
46.0,67.0,68.0,67.0,90.5,67.0,68.0,89.0,68.0,45.0
46.0,66.5,67.5,66.5,89.5,67.0,67.5,89.0,67.0,45.0
45.0,66.0,67.0,66.0,89.0,66.0,67.0,88.0,66.0,45.0
44.0,66.0,66.5,66.0,89.0,66.0,67.0,88.0,66.0,45.0
43.0,66.0,65.5,65.5,88.5,66.0,66.0,88.0,64.5,44.0
42.0,66.0,65.0,66.0,87.5,65.5,65.0,87.0,64.0,44.0
42.0,66.0,64.0,66.0,87.0,65.0,64.0,88.0,64.0,45.0
42.0,65.5,63.0,66.0,85.5,65.5,64.0,88.0,62.5,44.0
41.0,66.0,63.0,65.5,85.0,66.0,63.0,87.5,62.0,44.0
41.0,66.0,63.0,66.0,84.5,66.0,63.0,87.0,62.5,44.0
40.0,65.0,62.5,65.5,85.0,66.0,63.0,87.0,62.0,44.0
40.0,65.5,62.0,65.5,84.0,65.5,62.0,87.0,62.0,43.5
39.5,65.5,62.0,65.0,84.0,66.0,61.5,87.5,61.5,43.5
39.5,65.5,61.5,65.5,83.5,65.5,61.5,87.5,60.5,44.0
39.0,65.0,61.5,65.5,83.5,65.5,61.0,87.0,60.0,44.0
38.5,65.5,61.0,66.0,83.0,65.0,60.5,87.5,56.0,78.0
38.0,65.5,60.5,65.5,82.5,65.5,60.5,87.5,56.0,78.0
38.0,65.5,60.0,66.0,82.5,65.5,60.0,88.0,59.0,44.0
38.0,65.5,60.0,65.5,82.0,66.0,60.0,87.5,59.0,44.0
38.0,66.0,60.0,65.5,82.0,65.5,60.0,87.5,59.5,44.0
37.0,66.0,60.0,65.5,82.0,65.5,60.0,88.0,59.5,44.0
37.5,66.0,60.0,66.0,82.0,66.0,60.0,88.0,59.5,44.0
38.0,66.0,60.0,66.0,82.0,66.0,60.0,88.0,60.0,44.0
38.0,66.0,60.0,66.0,82.0,66.0,60.0,88.0,60.0,44.0
38.0,66.0,60.5,66.0,82.5,66.0,60.0,88.0,60.0,44.0
38.0,66.0,60.5,66.0,82.5,66.0,60.5,88.0,60.0,45.0
38.5,66.0,60.5,66.0,83.0,66.0,60.0,88.0,60.0,45.0
39.0,66.0,61.0,66.0,84.0,66.0,60.0,88.0,61.0,45.0
40.0,66.5,62.0,66.0,84.0,66.5,62.0,89.0,61.5,44.5
40.5,66.5,62.0,66.5,84.0,66.5,62.0,88.5,62.0,45.0
40.0,66.0,62.5,66.5,84.5,66.5,62.0,88.5,62.0,45.0
41.0,66.0,62.5,66.5,84.5,66.5,62.5,88.5,62.0,45.0
41.0,66.0,63.0,66.0,84.5,66.5,62.5,88.5,62.0,45.0
41.0,66.0,63.0,66.0,85.0,66.5,63.0,88.0,62.5,45.0
42.0,66.0,63.0,66.0,85.0,66.0,63.0,88.5,63.0,45.0
42.0,66.0,64.0,66.0,87.0,66.0,64.0,88.0,64.0,45.0
42.5,66.0,64.5,66.0,88.0,66.0,65.0,88.0,64.0,44.5
43.5,65.5,65.5,65.5,88.5,66.0,65.0,88.0,64.5,44.0
44.0,66.0,66.5,65.5,89.0,66.0,66.0,88.0,64.0,44.0
45.0,65.5,67.0,65.0,89.0,65.5,67.0,88.0,66.0,44.0
46.0,65.5,68.0,65.5,90.0,65.5,68.0,88.0,68.0,44.0
46.0,65.0,68.0,65.0,90.5,65.5,68.0,87.0,68.0,43.0
46.0,65.0,68.0,65.0,91.0,65.0,68.0,87.0,68.0,43.0
47.0,64.0,69.0,64.0,92.0,65.0,69.5,87.0,69.0,42.0
47.5,64.0,70.0,64.0,93.0,64.0,71.0,86.0,70.0,42.0
48.5,63.5,70.5,64.0,93.0,64.0,70.5,85.5,70.0,42.0
49.5,63.5,71.5,63.5,93.5,63.5,71.5,85.5,71.0,42.0
50.0,63.0,72.0,63.0,94.5,62.5,72.0,85.0,72.0,41.0
50.5,62.5,72.5,62.5,95.0,62.5,72.5,84.5,72.0,41.0
51.0,62.0,73.0,62.0,96.0,62.0,73.0,84.0,73.0,40.5
52.0,62.0,74.0,62.0,97.0,62.0,74.0,84.0,73.0,40.0
52.0,61.0,74.0,61.0,97.0,61.0,74.0,83.0,74.0,39.5
53.0,61.0,75.0,61.0,97.5,60.5,75.0,82.5,75.0,39.0
53.0,60.0,75.0,60.0,98.0,60.0,75.0,82.5,75.0,39.0
53.0,60.0,75.0,60.0,99.0,60.0,75.5,82.5,75.0,38.0
54.0,60.0,76.0,60.0,99.0,59.0,76.0,82.0,75.0,38.0
54.0,59.0,76.0,59.0,99.5,58.5,76.0,81.0,76.0,38.0
54.0,59.0,76.5,59.0,99.5,58.5,76.0,81.0,76.0,37.0
54.5,58.5,77.0,59.0,100.0,58.0,77.0,80.0,76.5,36.5
55.0,58.0,77.0,58.0,100.0,58.0,77.0,80.0,76.0,36.0
55.0,58.0,77.0,58.0,100.0,58.0,77.0,80.0,77.0,35.5
55.0,57.0,77.0,58.0,100.0,57.0,77.0,80.0,77.0,35.0
55.0,57.0,77.0,57.5,101.0,57.0,77.0,79.0,77.0,35.0
55.0,57.0,77.0,57.0,100.5,56.5,77.0,79.0,77.0,34.0
55.0,57.0,77.0,57.0,100.5,56.5,77.0,79.0,77.0,34.0
55.0,57.0,77.0,57.0,100.5,56.5,77.0,79.0,76.5,33.5
54.5,56.5,77.0,56.0,100.0,56.0,77.0,79.0,76.5,33.0
54.0,56.0,76.5,56.0,99.5,55.5,76.5,78.5,76.0,33.0
54.0,55.5,76.0,56.0,100.0,55.0,76.0,78.0,76.0,33.0
54.0,56.0,76.0,56.0,99.0,55.0,76.0,78.0,76.0,34.0
54.0,55.0,76.0,56.0,99.0,55.0,76.0,78.0,75.0,33.5
53.0,55.0,75.0,55.0,98.0,55.0,75.0,78.0,75.0,33.0
53.0,55.0,75.0,55.0,98.0,55.0,75.0,77.0,75.0,33.0
52.0,56.0,74.5,55.5,97.0,55.0,74.0,78.0,74.5,33.0
52.0,56.0,74.0,56.0,97.0,55.0,74.0,78.0,74.0,33.0
52.0,56.0,74.0,56.0,97.0,56.0,74.0,78.0,74.0,33.0
51.5,56.5,73.5,56.5,96.5,56.5,73.5,78.5,73.0,34.0
51.0,57.0,73.5,56.5,95.5,56.5,73.0,79.0,73.0,35.0
50.0,57.0,72.0,57.0,95.5,56.5,72.5,78.5,72.0,35.0
50.0,57.0,72.0,57.0,95.0,57.0,72.0,79.0,71.0,35.0
49.0,58.0,71.5,58.0,93.0,58.0,71.0,80.0,71.0,35.0
49.0,58.0,71.0,58.0,93.5,58.5,71.0,80.0,70.0,37.0
48.0,59.0,70.0,59.0,93.0,59.0,70.0,81.0,70.0,38.0
47.0,60.0,69.5,59.5,92.0,59.5,70.0,81.0,69.0,37.0
47.0,60.0,69.0,60.0,92.0,60.0,69.0,82.0,68.0,38.0
46.5,60.5,69.0,61.0,91.0,61.0,69.0,83.0,68.5,39.0
46.0,61.0,68.0,61.0,91.0,61.0,68.0,83.0,68.0,39.5
46.0,62.0,68.0,62.0,90.0,62.0,68.0,84.0,66.5,40.0
45.0,63.0,67.0,63.0,90.0,63.0,67.0,85.0,67.0,41.0
45.0,64.0,67.0,63.5,89.5,63.5,67.0,85.5,66.0,42.0
44.0,64.0,66.5,64.0,89.0,64.0,67.0,86.0,66.0,43.0
44.0,65.0,66.0,65.0,88.5,64.5,66.0,87.0,66.0,44.0
43.5,65.5,65.5,65.5,88.0,65.5,65.5,87.5,64.0,44.0
43.0,66.0,65.0,66.0,88.5,66.0,65.0,88.0,64.5,44.5
42.5,67.0,65.0,67.0,88.0,67.0,65.0,89.0,64.5,45.5
42.5,67.5,64.5,67.5,87.5,67.5,65.0,89.0,65.0,46.0
42.0,68.0,64.5,68.0,87.0,68.0,64.0,90.0,64.0,46.5
