u0,v0,u1,v1,u2,v2,u3,v3,u4,v4,u5,v5
56.0,44.5,98.0,53.0,82.0,44.0,78.5,86.0,126.0,87.0,36.0,76.0
54.0,43.0,97.0,52.0,80.5,44.0,77.0,85.0,123.5,86.5,35.0,76.0
51.0,42.0,93.5,51.5,78.0,43.0,74.0,84.0,121.0,86.0,32.5,75.5
46.5,42.0,89.5,51.5,73.0,43.0,70.0,84.0,115.0,85.0,27.0,75.0
42.0,43.0,85.0,52.0,69.0,43.0,65.0,84.5,110.0,86.0,21.5,75.5
37.0,44.0,81.0,53.0,65.0,44.0,60.5,85.5,104.5,87.0,17.0,77.0
33.0,46.0,74.5,55.0,57.5,46.0,54.5,87.5,98.0,88.0,10.0,79.0
28.0,48.0,70.0,58.0,53.5,48.0,50.5,90.0,93.0,91.0,4.0,82.0
23.0,51.0,66.0,60.5,49.0,51.0,,,88.5,93.5,0.0,85.0
19.0,54.0,62.5,63.5,46.0,54.0,42.5,95.5,85.5,96.0,,
17.0,57.0,61.0,66.0,33.0,125.0,40.5,98.5,83.0,99.0,,
16.5,59.5,60.0,68.0,42.0,59.0,38.5,101.5,81.5,101.5,,
16.0,62.0,59.5,70.0,42.0,61.0,38.5,103.5,81.5,103.5,,
17.0,64.0,60.0,72.0,33.0,125.0,,,81.5,105.5,,
19.0,64.0,61.0,72.5,44.0,63.0,40.5,105.5,83.5,106.0,,
20.5,64.0,,,39.5,94.0,42.0,106.0,85.0,106.5,,
22.5,63.5,,,33.0,125.0,44.5,105.5,87.5,106.0,,
,,,,32.5,125.0,,,,,2.0,97.0
,,,,32.5,125.0,,,94.0,102.0,5.0,94.0
38.0,125.0,73.0,65.5,32.5,125.0,53.0,98.0,,,8.0,91.0
33.0,53.0,,,32.5,125.0,56.0,94.5,,,11.0,87.0
35.0,49.5,77.0,58.5,61.0,49.5,57.5,91.5,,,14.0,83.0
37.0,46.0,78.5,55.0,62.5,45.5,59.0,87.0,103.0,87.0,15.0,78.5
37.0,42.0,80.0,51.0,64.0,42.0,60.5,83.5,104.0,84.0,16.5,74.5
37.0,38.0,80.0,48.0,65.0,39.0,61.0,80.5,105.0,81.0,16.5,71.5
37.0,35.0,80.0,45.0,65.0,36.0,61.0,78.0,104.5,78.5,17.0,69.0
36.0,34.0,79.0,44.0,64.0,35.0,60.0,77.0,104.0,77.0,16.5,68.5
36.0,34.0,79.0,44.0,63.0,35.0,60.0,77.0,103.0,77.0,15.5,67.5
35.5,34.5,78.0,45.0,63.0,35.0,59.5,77.5,103.0,78.0,15.0,68.0
35.0,37.0,78.0,47.0,62.5,37.0,59.0,80.0,102.5,80.0,14.0,70.5
36.0,40.0,78.5,50.0,62.0,41.0,59.0,82.0,102.5,83.0,14.5,73.0
36.5,43.5,78.0,53.0,62.0,44.0,60.0,85.5,103.0,86.0,15.5,77.0
38.0,47.0,80.0,56.0,64.5,47.0,60.5,89.0,105.0,90.0,17.0,80.0
40.0,50.0,82.0,59.5,65.0,50.0,63.0,92.0,106.0,94.0,19.0,84.0
41.0,51.0,83.0,61.0,66.0,53.0,64.0,94.5,108.0,96.0,20.5,86.5
44.0,55.0,86.0,64.0,68.0,56.0,66.5,97.5,110.5,99.5,22.5,88.5
46.0,57.0,88.0,66.0,70.0,58.0,68.0,99.0,113.5,101.5,25.5,90.0
47.0,57.0,89.5,67.5,72.0,58.5,70.0,100.0,115.5,103.0,27.5,91.5
49.0,57.5,91.0,68.0,74.5,59.0,72.0,100.0,117.5,103.5,29.0,92.0
50.5,57.5,92.5,67.0,74.5,59.0,73.0,100.0,119.0,103.0,30.5,91.0
50.5,57.5,93.0,66.0,76.0,58.0,73.5,99.0,120.0,102.0,31.0,90.0
51.0,55.0,93.0,65.5,76.0,57.5,,,120.0,100.0,31.0,89.0
50.5,53.5,92.5,62.5,32.0,125.0,72.5,95.5,118.5,97.5,30.5,86.0
48.5,51.0,91.0,60.0,73.0,52.0,71.0,92.0,116.5,94.5,28.0,83.5
46.0,49.0,88.0,57.5,70.0,50.0,68.5,90.0,113.0,92.0,25.0,82.0
41.0,46.5,83.5,55.5,67.0,47.5,64.0,88.5,109.0,90.0,21.0,80.0
38.0,45.0,80.5,54.0,64.0,45.0,62.0,86.0,105.0,88.0,18.0,78.0
33.0,43.0,76.0,53.0,59.0,44.0,56.0,85.0,100.0,86.0,12.0,76.0
29.0,42.0,72.0,52.0,56.0,43.0,53.0,84.0,96.0,85.0,8.0,76.0
25.0,42.0,68.0,52.0,52.5,42.5,49.0,84.0,92.0,84.0,3.0,75.0
21.0,42.0,65.0,52.0,49.0,42.0,46.0,84.0,89.0,84.5,0.5,75.5
20.0,42.5,64.0,52.0,47.0,42.5,44.0,84.5,86.0,85.0,,
18.5,43.5,63.0,53.0,46.0,43.0,43.5,85.5,85.5,86.0,,
18.5,44.5,63.0,55.0,46.0,45.0,43.0,87.0,86.0,87.0,,
20.0,45.0,64.0,55.5,46.5,45.0,44.0,87.5,87.0,88.0,,
22.0,46.0,65.5,56.0,49.0,46.5,46.0,88.0,89.0,89.0,0.0,80.5
25.0,46.0,68.0,56.0,52.0,47.0,49.0,89.0,91.0,89.0,2.5,81.0
29.0,46.0,72.0,55.0,55.0,46.0,52.0,88.0,94.5,89.0,7.0,80.0
33.0,45.0,75.0,54.5,59.0,46.0,56.0,87.0,99.0,87.5,11.0,78.0
37.0,43.5,79.5,53.5,64.0,44.5,60.0,86.0,104.0,87.0,16.0,77.0
41.0,42.0,83.0,51.0,67.0,42.0,64.0,84.0,107.0,85.0,20.5,74.5
44.0,39.0,86.5,48.5,70.0,41.0,67.5,81.5,112.0,82.0,24.0,73.0
46.0,37.0,89.5,46.5,73.0,38.5,70.0,80.0,115.0,81.0,27.0,70.0
49.5,34.5,91.5,44.5,75.0,37.0,72.0,77.0,117.0,79.0,29.0,68.0
49.0,33.0,93.0,42.0,77.0,34.5,72.0,76.0,118.0,76.0,29.5,66.5
50.0,32.0,93.0,41.0,77.0,33.0,73.0,74.0,118.0,75.0,30.0,64.0
49.0,31.0,91.5,40.5,76.0,32.0,72.0,75.0,117.0,75.0,29.5,64.5
47.0,31.0,89.5,40.5,75.0,32.0,70.0,74.0,115.0,75.0,27.5,64.5
45.0,33.0,87.5,42.5,73.0,34.0,68.0,76.0,113.0,76.5,25.0,66.0
42.0,35.0,84.0,45.0,69.0,37.0,65.0,78.0,109.5,79.0,21.5,68.5
40.0,39.0,82.0,48.5,66.0,40.0,63.0,82.0,106.5,82.5,19.5,72.0
37.0,43.0,80.0,53.0,63.0,44.0,60.0,85.0,104.0,86.0,16.0,76.0
35.0,47.5,77.5,56.5,61.0,48.0,58.5,89.5,102.0,90.0,14.0,81.0
34.0,51.5,76.5,61.0,59.0,52.0,56.5,93.5,100.5,95.0,12.0,85.5
33.5,55.5,75.5,64.5,46.0,90.5,56.0,97.0,99.0,99.0,11.5,89.5
33.5,59.0,75.5,68.0,58.0,59.0,56.0,101.0,99.5,102.5,11.0,94.0
34.5,61.5,76.0,70.5,33.0,125.0,56.5,103.5,99.5,105.5,12.0,96.0
35.0,63.5,77.0,72.5,46.0,94.5,56.5,105.5,100.5,107.5,13.0,98.0
36.5,64.5,78.0,73.5,46.5,95.0,58.0,107.0,102.0,109.5,14.5,99.5
37.5,65.0,79.0,73.5,33.0,125.0,59.5,107.5,103.0,110.0,16.0,100.0
39.0,64.5,80.5,73.5,33.0,125.0,61.0,108.0,105.0,110.0,17.0,99.0
40.5,63.5,82.0,73.0,64.0,64.0,62.5,106.0,107.0,108.0,18.5,97.5
40.5,61.5,82.5,70.5,65.0,62.0,62.5,103.5,107.0,106.0,19.5,95.5
41.0,59.0,83.0,68.0,66.0,60.0,63.0,101.0,108.0,103.0,20.0,93.0
41.0,56.0,82.5,65.5,66.0,56.0,63.5,97.5,108.0,100.0,20.0,90.0
41.0,52.0,82.5,61.5,66.0,53.0,63.0,94.0,107.0,96.0,20.0,86.0
40.0,49.0,82.0,58.0,64.5,50.0,62.0,91.0,106.0,92.0,19.0,83.0
38.0,45.5,80.5,55.0,64.0,47.0,61.5,87.5,105.0,89.0,17.0,79.0
36.0,43.0,78.5,52.5,62.0,44.0,59.0,85.0,103.0,86.0,15.0,76.0
33.0,40.5,76.0,50.0,60.5,41.0,57.0,82.5,100.0,83.5,12.0,74.0
32.0,39.0,75.0,49.0,59.0,39.0,55.5,81.5,99.0,82.0,11.0,72.0
31.0,38.0,74.0,48.0,58.0,39.0,55.0,81.0,97.5,81.0,9.0,72.0
30.0,39.0,73.0,48.0,57.0,39.0,54.0,81.0,97.0,81.0,9.0,72.0
30.0,39.0,73.0,49.0,57.0,39.0,54.0,81.0,97.0,82.0,9.0,72.0
31.0,40.0,74.0,50.0,58.0,40.5,55.0,82.0,98.0,83.0,10.0,74.0
33.0,42.0,75.5,51.5,59.5,42.0,56.0,84.0,99.0,85.0,11.0,75.0
35.0,43.0,78.0,53.0,61.0,44.0,58.0,85.0,102.0,86.0,14.0,77.0
38.0,45.0,81.0,54.0,64.5,45.0,62.0,87.0,105.0,88.0,18.0,78.0
41.0,46.0,83.0,55.0,67.0,46.0,63.5,87.5,108.0,89.0,20.5,78.5
44.0,47.0,86.5,55.5,70.0,47.0,67.0,88.5,112.0,90.0,24.0,79.5
46.5,47.0,89.0,56.0,73.0,48.0,70.0,89.0,115.0,90.5,27.0,80.0
50.0,47.0,92.0,55.0,75.0,47.0,72.5,88.5,118.0,90.0,30.0,80.0
51.0,46.0,94.0,55.0,77.0,47.0,74.0,88.0,120.0,90.0,32.0,79.0
52.0,45.0,94.5,54.5,78.0,46.0,75.5,87.5,121.5,88.5,33.0,78.0
52.0,45.0,95.0,54.0,78.0,45.0,75.0,86.0,121.5,88.5,33.0,77.0
51.0,44.0,93.5,53.0,77.0,45.0,74.0,86.0,120.0,87.0,31.5,76.5
49.0,43.0,91.5,52.5,75.0,44.0,71.0,85.0,117.0,87.0,29.0,76.0
45.5,43.0,88.0,52.0,71.5,44.0,68.5,84.5,113.0,86.0,26.0,76.0
41.0,43.0,83.0,52.0,67.0,44.0,64.0,85.0,108.0,86.0,20.0,77.0
36.5,44.0,79.0,54.0,62.5,44.5,59.0,86.0,103.0,87.0,15.0,77.0
31.0,45.0,73.5,55.5,57.0,46.0,54.0,87.0,97.0,88.0,9.0,79.0
26.0,48.0,69.0,58.0,52.5,48.0,49.0,90.0,92.5,91.0,3.0,82.0
21.5,50.5,64.5,60.5,48.0,51.0,44.5,92.5,88.0,93.0,,
17.5,53.5,62.0,63.0,44.0,54.0,41.0,95.5,84.0,96.0,,
14.5,57.5,,,41.5,56.0,38.5,98.5,81.0,99.0,,
13.0,60.0,57.0,69.0,36.5,92.5,36.0,101.0,,,,
13.0,62.5,56.5,71.5,36.0,93.5,35.5,104.5,78.0,104.0,,
13.0,65.0,57.0,73.0,36.0,94.5,35.5,107.0,78.0,107.0,,
14.0,66.0,58.0,74.5,36.5,95.0,36.0,108.0,79.0,108.0,,
17.0,67.0,60.0,75.0,37.5,95.5,38.5,109.0,81.0,109.0,,
19.0,67.0,62.0,75.0,44.0,66.0,40.5,109.0,83.5,109.5,,
21.5,65.5,64.5,74.5,40.0,95.0,43.0,108.0,87.0,109.0,,
24.5,64.5,67.0,73.0,50.0,64.0,46.5,106.5,89.5,107.5,0.5,100.0
27.5,62.0,69.5,71.0,42.5,93.5,49.5,103.5,92.5,105.5,4.0,97.5
30.0,59.0,72.0,68.0,33.0,125.0,52.0,101.0,95.5,102.5,7.0,93.5
33.0,56.0,74.5,65.0,33.0,125.0,54.5,97.5,98.0,99.0,10.0,90.0
34.0,52.0,76.5,61.5,60.0,52.0,57.0,94.0,100.5,95.5,12.5,86.0
35.5,48.5,78.0,58.0,61.0,49.0,58.5,90.0,102.0,91.5,14.0,82.0
36.5,45.0,79.0,55.0,62.5,46.0,59.5,87.0,103.0,88.0,15.0,78.0
36.5,42.0,79.0,52.0,63.0,43.0,60.0,84.0,103.5,85.5,15.5,75.5
36.0,40.0,79.0,50.0,64.0,41.0,60.0,82.0,103.5,83.5,16.0,73.0
36.5,39.0,79.0,49.5,63.0,40.0,60.0,81.5,104.0,82.0,16.0,73.0
36.0,39.0,79.0,49.0,63.0,40.0,60.0,81.0,103.5,82.0,16.0,73.0
36.0,40.5,78.5,50.0,62.0,41.0,59.5,83.0,103.0,83.0,15.0,74.0
36.5,42.5,78.5,52.0,63.0,44.0,59.5,85.0,104.0,86.0,15.0,76.0
37.0,45.5,80.0,55.0,63.5,46.0,60.0,87.5,104.0,88.0,16.0,79.0
38.0,48.0,81.0,58.0,64.0,49.0,61.5,90.0,105.0,92.0,17.5,82.0
40.0,51.5,82.0,61.0,64.5,52.0,62.0,93.0,106.5,94.5,19.0,85.0
42.0,54.0,84.0,64.0,66.0,55.0,64.5,96.5,108.5,98.5,21.0,88.0
43.0,57.0,86.0,66.0,68.0,58.0,66.0,99.0,110.5,101.5,23.5,90.5
46.0,59.0,88.0,68.0,70.0,60.0,68.5,101.5,114.0,104.0,26.0,92.0
48.0,60.0,90.5,69.5,72.0,61.0,70.5,102.0,116.5,105.5,28.5,93.5
50.0,60.0,92.5,69.5,53.5,93.5,72.5,102.5,119.0,106.0,30.5,93.5
52.0,60.0,94.0,69.5,76.0,62.0,74.5,102.5,121.5,106.5,32.5,93.5
53.0,59.5,95.0,69.0,77.0,61.0,76.0,101.0,123.0,105.5,34.0,93.0
54.0,59.0,96.0,68.0,55.5,92.5,76.0,101.0,123.0,105.0,34.0,92.0
54.0,57.0,96.0,66.0,55.5,91.5,76.0,99.0,123.5,102.5,34.0,90.0
52.0,55.0,95.0,64.0,77.0,56.0,75.0,97.0,122.0,100.0,33.0,87.5
50.5,52.0,93.0,61.5,76.0,53.5,73.0,94.0,120.0,97.0,31.0,85.0
48.0,50.0,90.5,59.0,73.5,51.0,70.5,91.5,116.0,94.0,28.0,83.0
44.5,48.0,87.0,57.0,70.0,49.0,68.0,89.0,112.0,91.0,25.0,81.0
41.0,46.0,83.0,55.0,66.0,47.0,64.0,87.0,107.0,89.0,20.0,79.0
37.0,44.0,79.5,53.5,63.0,44.5,60.0,86.0,104.0,87.0,16.0,77.0
32.5,42.5,75.0,52.5,59.0,44.0,56.0,85.0,99.0,86.0,11.0,76.0
29.0,43.0,72.0,52.0,56.0,43.0,52.0,85.0,95.0,85.0,7.0,76.0
25.5,42.5,69.0,53.0,53.0,43.0,50.0,85.0,93.0,85.0,4.0,76.0
24.0,43.0,67.0,53.0,50.5,43.5,49.0,85.0,90.5,85.0,1.0,77.0
23.0,44.0,66.0,54.0,50.0,44.0,47.0,86.0,90.0,86.0,1.0,77.5
23.0,44.0,66.5,54.0,51.0,45.0,47.0,86.0,90.0,87.0,0.5,78.5
24.5,45.0,69.0,55.0,52.0,46.0,49.0,87.0,92.0,88.0,2.0,79.0
27.5,45.5,71.0,55.0,54.0,45.0,51.0,87.0,94.0,88.0,5.0,79.0
30.5,45.0,73.0,54.0,56.0,46.0,54.0,87.0,97.0,88.0,9.0,78.5
34.0,45.0,77.0,54.0,60.0,46.0,57.0,86.0,101.0,87.5,13.0,78.0
38.5,43.5,81.0,53.0,65.0,44.0,62.0,85.0,105.5,86.5,18.0,77.0
42.0,42.0,84.5,51.0,69.0,42.0,65.0,84.0,110.0,85.0,21.5,74.5
46.0,39.0,88.5,49.0,73.0,40.0,69.5,81.5,113.5,82.5,26.0,72.0
49.5,36.5,91.5,46.5,76.0,38.0,71.5,78.5,117.5,80.5,29.0,70.0
51.5,34.5,94.0,43.0,78.0,35.5,74.0,76.0,120.0,77.0,31.5,66.5
53.0,31.5,95.0,40.0,80.0,33.0,75.0,74.0,121.5,74.5,33.0,64.0
53.0,29.0,96.0,39.0,80.5,30.5,76.0,72.0,123.0,72.0,33.5,62.5
53.0,28.5,96.0,37.0,80.5,29.0,75.5,71.0,122.0,71.0,34.0,62.0
52.0,28.0,95.0,37.0,79.0,29.0,75.0,71.0,121.0,70.5,32.0,61.0
49.5,28.5,92.5,38.0,77.0,29.0,73.5,71.0,118.5,71.0,30.0,62.0
46.5,30.0,90.0,39.0,73.0,31.0,69.5,72.5,115.5,72.5,27.5,62.5
43.5,32.5,86.0,42.0,71.0,33.0,67.0,75.0,112.0,76.0,24.0,66.0
41.0,36.0,83.0,46.0,67.0,37.0,64.0,78.0,108.0,79.0,21.0,69.0
38.0,40.0,81.0,50.0,64.5,41.0,62.0,82.0,106.0,83.5,17.5,73.5
36.5,45.0,78.5,54.0,62.0,46.0,59.0,87.0,103.5,87.5,15.0,78.0
35.0,49.0,77.5,58.5,60.0,50.0,58.0,91.0,101.0,92.0,13.0,83.0
34.0,53.0,76.5,62.5,33.0,125.0,57.0,95.0,100.0,96.0,12.5,87.0
35.0,57.0,76.5,65.5,46.0,91.0,57.0,98.0,100.0,100.0,12.5,90.5
35.0,60.0,77.0,68.0,46.0,92.0,57.0,101.0,100.5,103.0,12.5,93.5
36.0,61.0,77.5,69.5,60.0,61.0,57.5,103.5,101.0,105.0,14.0,95.0
37.0,62.0,78.5,71.0,61.0,62.0,59.0,104.0,103.0,106.0,15.0,96.0
38.0,62.0,79.0,71.0,62.0,62.0,59.5,104.0,103.5,106.5,16.5,96.5
38.0,62.0,80.5,70.5,63.0,62.0,60.5,103.5,105.0,106.0,17.0,95.5
39.5,60.0,81.0,69.0,64.0,60.0,62.0,102.0,106.0,104.0,18.0,94.0
40.0,58.0,82.0,67.0,64.5,58.0,62.5,99.5,107.0,102.0,19.0,91.0
40.5,55.0,82.5,64.0,65.0,56.0,62.5,97.5,107.0,99.0,19.5,89.0
40.0,52.0,82.0,61.0,65.0,52.0,62.5,93.5,106.0,95.0,19.0,85.0
38.0,48.0,81.5,57.5,64.0,49.0,62.0,90.0,106.0,92.0,18.0,82.0
37.0,45.0,80.0,54.0,63.5,45.5,60.0,87.0,104.0,88.0,16.0,78.0
35.0,42.0,77.5,51.5,61.5,42.0,58.0,83.0,102.0,84.0,13.5,75.0
33.0,39.0,75.0,48.0,59.0,39.0,56.0,81.0,99.5,81.5,11.0,72.0
30.0,36.0,73.5,46.5,58.0,37.0,55.0,79.0,98.0,79.0,9.0,70.0
28.5,35.0,71.5,45.5,56.0,36.0,52.5,78.5,95.5,78.5,7.0,69.0
27.5,35.0,70.0,45.0,55.0,35.0,51.5,77.5,94.0,78.0,5.5,68.5
26.0,35.0,70.0,46.0,54.0,35.5,51.0,78.0,93.5,78.5,5.0,69.0
27.0,36.0,70.0,47.0,54.0,37.0,51.0,79.0,93.5,79.0,5.5,70.0
28.0,38.0,71.0,48.0,55.0,39.0,52.0,80.0,95.0,81.0,6.0,71.0
30.0,40.0,73.0,50.0,57.0,41.0,54.0,82.0,97.0,83.0,8.0,74.0
32.0,42.0,75.0,51.5,59.0,42.0,55.0,84.0,99.0,85.0,11.0,75.0
36.0,44.0,78.0,53.0,62.0,44.0,58.0,85.0,102.0,86.5,14.0,77.0
38.0,45.0,81.0,54.0,65.0,45.0,62.0,86.5,106.0,88.0,18.0,78.0
41.0,46.0,83.0,55.0,67.0,46.0,64.0,87.0,108.0,89.0,21.0,78.5
44.0,46.0,87.0,55.0,70.0,47.0,67.0,87.5,112.0,90.0,24.5,79.0
46.0,46.5,89.0,55.0,72.0,47.0,69.0,87.0,114.0,89.0,26.0,79.0
47.0,46.0,90.5,54.5,74.0,46.0,70.5,87.5,116.0,89.0,28.0,78.5
48.5,45.0,91.0,54.0,75.0,46.0,71.0,87.0,117.0,88.0,29.0,78.0
48.0,45.0,91.0,54.0,74.0,45.0,71.0,86.0,117.0,88.0,28.0,77.0
46.0,43.0,89.0,53.0,73.0,45.0,69.5,85.5,115.0,87.0,27.0,76.0
44.0,43.0,86.5,52.5,70.0,45.0,67.5,85.5,112.5,86.5,24.0,76.5
41.0,44.0,82.5,52.5,66.0,44.0,63.0,85.0,107.0,87.0,20.0,77.0
36.0,44.0,78.5,53.5,63.0,44.0,59.0,86.0,103.0,87.0,15.0,77.5
31.0,45.0,74.0,55.0,57.5,45.5,54.5,87.0,97.0,88.0,9.5,78.5
26.0,48.0,69.0,58.0,53.0,48.0,49.5,89.5,92.0,90.0,3.5,81.5
21.0,50.0,64.5,59.5,48.0,50.0,45.0,92.0,87.5,92.5,,
17.0,54.0,61.0,63.0,44.0,53.0,40.5,95.0,83.5,95.5,,
14.0,57.0,58.5,65.5,41.0,56.0,36.5,98.0,80.0,98.5,,
12.0,60.0,56.5,68.5,38.5,58.5,34.5,101.5,78.0,101.0,,
11.0,63.0,55.0,71.0,37.5,61.5,33.0,104.0,76.5,103.5,,
11.0,66.0,54.5,73.5,37.0,64.0,33.0,107.0,76.5,107.0,,
12.0,67.0,56.0,75.0,38.0,66.0,34.0,109.0,76.5,109.0,,
14.0,68.5,57.0,76.0,39.0,66.0,35.0,110.0,78.0,110.0,,
15.5,69.5,59.0,77.0,41.0,68.0,37.0,111.0,80.0,111.0,,
18.0,69.0,61.5,77.5,43.0,68.0,40.0,111.0,82.0,111.0,,
21.5,68.0,63.5,77.0,46.0,67.0,42.5,110.5,85.5,111.0,,
24.5,66.0,66.5,74.5,49.0,65.0,46.0,108.0,89.0,109.0,0.0,101.5
27.0,64.0,69.0,72.5,52.0,63.0,48.5,105.5,92.0,106.5,3.0,99.0
30.0,61.0,72.0,69.5,55.0,61.0,51.5,102.5,94.5,103.5,6.5,95.5
32.5,57.5,74.5,66.5,57.0,57.5,54.5,99.5,97.5,100.5,9.5,91.5
34.0,54.0,76.5,63.5,59.0,54.0,56.5,95.5,100.0,97.0,12.0,88.0
35.5,50.5,77.5,59.5,60.0,51.0,58.0,92.0,101.0,93.5,14.0,84.0
36.0,48.0,78.5,57.0,62.0,48.0,59.0,89.0,102.5,90.5,15.0,81.0
37.0,45.0,79.0,54.5,63.0,46.0,60.0,87.0,103.0,88.0,16.0,78.0
36.5,43.5,79.0,53.0,63.0,44.0,60.0,85.5,103.0,86.0,16.0,77.0
37.0,43.0,79.0,52.0,63.0,44.0,60.0,85.0,104.0,86.0,15.5,76.0
37.0,43.0,79.0,53.0,63.0,44.0,60.0,85.0,104.0,86.0,16.0,76.0
37.0,44.0,79.0,54.0,63.0,45.0,60.0,86.0,104.0,87.0,15.5,77.5
37.0,47.0,80.0,56.0,64.0,47.0,60.0,88.0,105.0,89.5,16.0,80.0
38.5,49.5,81.0,58.5,65.0,49.5,61.5,91.5,105.5,92.0,17.5,83.0
40.0,52.0,82.0,61.5,65.0,52.0,62.5,94.0,106.0,95.5,19.0,86.0
41.0,55.0,83.0,64.0,66.0,55.5,64.0,97.0,108.0,99.0,20.5,88.5
43.0,58.0,85.0,67.0,68.0,58.0,66.0,99.5,110.5,102.0,22.5,91.5
46.0,59.5,88.0,69.0,70.0,60.0,68.5,101.5,113.5,104.5,25.0,93.0
48.5,61.5,90.0,70.0,72.0,62.0,70.5,103.5,117.0,107.0,28.0,95.0
50.0,62.0,92.5,71.5,74.5,63.0,72.5,105.0,118.5,108.5,30.5,95.5
52.0,62.0,94.5,71.5,76.0,63.0,74.5,105.5,122.0,109.0,32.5,95.5
54.0,62.0,96.0,71.0,78.0,63.0,77.0,105.0,124.0,108.0,34.5,95.5
55.0,61.0,97.0,70.0,78.5,62.0,78.0,103.0,125.5,107.5,36.0,94.0
55.0,60.0,98.0,69.0,80.0,60.5,78.0,102.0,126.0,105.5,36.5,92.0
55.0,58.0,98.0,67.5,80.0,59.0,79.0,100.0,126.0,104.0,36.5,90.0
54.5,55.5,96.5,64.5,78.5,56.0,77.0,97.5,124.0,100.5,35.0,88.0
52.5,52.5,94.5,61.5,78.0,54.0,75.0,95.0,121.5,97.5,32.5,85.5
50.0,50.0,92.0,59.0,75.0,51.0,72.5,92.0,118.0,94.0,30.0,83.0
46.0,48.0,88.5,57.5,72.0,49.0,69.0,90.0,113.5,91.5,26.0,81.0
42.0,46.0,85.0,55.0,69.0,46.0,65.0,88.0,109.5,89.5,22.0,79.0
39.0,45.0,81.0,54.0,65.0,45.0,62.0,86.0,105.5,88.0,18.0,78.0
34.0,44.0,77.0,53.0,60.5,44.0,57.5,85.5,101.0,86.0,13.0,77.0
31.0,43.0,74.0,53.0,58.0,43.0,54.0,85.0,97.0,86.0,9.5,76.5
28.0,43.0,72.0,53.0,56.0,43.0,52.0,85.0,95.0,86.0,6.0,77.0
27.0,43.0,70.0,53.0,54.0,44.0,51.0,85.0,93.0,86.0,4.0,77.0
26.0,44.0,69.0,53.0,53.5,44.0,50.5,86.0,93.0,87.0,4.0,78.0
27.0,45.0,70.0,54.0,54.0,45.0,50.5,86.5,93.0,87.0,4.0,78.0
29.0,45.0,72.0,55.0,55.0,45.0,52.0,86.5,95.0,87.5,6.5,78.5
31.0,45.0,74.0,54.0,57.0,45.0,54.0,87.0,97.0,88.0,9.0,78.0
34.0,44.5,77.0,54.0,61.0,45.0,57.0,86.0,101.0,87.5,13.0,78.0
38.0,43.5,81.0,53.0,65.0,44.0,61.5,85.5,105.5,86.5,18.0,77.0
42.0,42.0,84.0,51.5,68.5,43.0,65.0,84.0,110.0,85.0,21.0,75.0
46.0,40.0,88.0,49.0,72.5,40.5,69.0,82.0,113.5,82.5,26.0,73.0
49.5,36.5,91.5,46.5,76.0,38.0,72.0,79.0,118.0,80.0,29.5,70.5
51.5,34.5,95.0,44.0,79.0,36.0,75.0,77.0,121.0,78.0,33.0,67.5
54.0,31.5,97.0,40.0,81.5,33.0,77.0,74.0,124.0,74.0,34.5,65.0
55.0,29.0,99.0,38.0,83.0,30.0,78.0,71.5,126.0,72.0,35.0,62.0
56.0,27.0,99.5,35.5,83.0,28.0,78.5,69.5,126.0,69.0,36.0,60.5
55.0,26.0,98.5,34.0,83.0,26.5,78.0,69.0,125.0,68.0,35.5,59.0
53.0,25.0,97.0,34.0,81.0,26.0,76.0,69.0,123.0,68.0,34.0,59.0
51.0,26.0,94.0,35.0,78.5,27.0,74.0,69.5,119.5,69.0,31.0,60.0
47.0,29.0,91.0,38.0,75.0,29.0,71.0,71.0,116.5,71.0,28.0,62.0
44.0,31.0,87.5,40.5,72.0,32.0,67.5,74.5,112.0,74.0,25.0,64.0
41.5,35.0,83.5,44.5,68.0,35.5,65.0,77.0,109.0,78.0,21.0,68.0
39.0,39.0,82.0,49.0,65.0,40.0,62.0,82.0,106.0,82.0,18.0,72.0
37.0,44.0,79.5,53.5,63.0,44.0,60.0,85.5,104.0,87.0,16.0,77.0
35.0,48.0,78.0,58.0,47.0,87.0,58.5,90.0,102.0,91.5,14.0,81.5
35.0,52.0,76.5,61.5,60.0,52.0,57.5,93.5,101.0,95.5,13.0,85.5
35.0,56.0,76.5,64.5,60.0,56.0,57.0,97.0,101.0,99.0,13.0,89.0
36.0,58.0,77.0,67.0,60.0,58.0,57.5,99.5,101.0,101.5,13.0,92.0
37.0,60.0,78.0,68.5,60.0,60.0,58.5,101.5,102.0,103.5,14.0,93.5
37.0,60.0,78.5,69.5,61.0,60.0,59.0,102.0,102.5,104.0,15.0,94.5
38.0,60.0,79.5,69.5,47.5,92.5,60.0,102.0,104.0,104.0,16.5,94.0
38.0,60.0,80.5,68.5,63.0,60.0,60.5,101.5,105.0,103.5,17.0,93.0
39.0,58.0,81.5,67.0,64.0,58.0,62.0,99.5,106.0,101.5,18.5,91.5
40.0,56.0,81.5,64.5,64.0,56.0,62.5,97.5,106.0,99.0,18.5,89.0
40.0,52.5,82.0,61.5,65.0,52.0,63.0,94.0,106.0,96.0,19.0,86.0
38.5,49.5,81.0,58.0,65.0,50.0,62.0,91.0,106.0,92.0,18.0,82.0
37.0,46.0,80.0,55.0,63.5,46.0,60.5,87.5,104.5,88.5,17.0,79.0
36.0,42.0,78.0,52.0,62.0,43.0,58.5,84.0,102.0,85.0,14.0,75.0
33.0,39.0,75.0,48.0,60.0,39.0,56.0,81.0,99.5,81.5,11.0,72.0
30.5,36.0,74.0,46.0,58.0,37.0,55.0,79.0,98.0,79.0,9.5,69.5
28.0,34.0,71.5,44.5,56.0,35.0,53.0,77.0,95.0,77.0,6.5,68.0
26.0,33.0,70.0,44.0,54.0,33.5,51.0,76.0,93.5,76.5,4.0,67.0
25.5,33.0,69.0,43.0,53.0,33.0,49.5,76.0,92.0,76.0,3.5,66.5
24.0,34.0,68.0,45.0,53.0,34.5,49.5,76.5,91.5,76.5,3.0,67.0
25.0,35.0,68.5,46.0,53.0,36.0,49.0,78.0,92.0,78.0,3.0,69.0
26.0,37.0,69.5,47.5,54.0,38.0,51.0,80.0,94.0,80.0,4.0,71.0
29.0,39.0,72.0,49.0,55.5,40.0,52.0,82.0,96.0,82.0,7.0,73.0
31.0,42.0,74.0,51.0,58.0,42.0,55.0,84.0,97.0,84.0,9.5,74.5
34.0,43.0,77.0,53.0,60.0,44.0,58.0,85.0,101.0,86.0,13.0,76.0
38.0,44.0,80.0,54.0,64.0,45.5,61.0,86.0,105.0,87.0,17.5,77.5
40.5,45.0,82.5,54.5,66.0,46.0,63.0,87.0,107.0,88.0,20.0,78.5
42.5,46.0,86.0,55.0,69.0,46.0,65.5,87.5,111.0,89.0,23.0,79.0
45.0,46.0,87.0,55.0,71.0,46.0,68.0,87.5,113.0,89.0,25.0,78.5
46.0,45.0,88.5,54.5,72.5,46.0,69.0,87.0,114.0,88.5,26.5,78.5
46.0,45.0,89.0,54.0,73.0,46.0,69.0,86.0,115.0,88.0,26.5,78.0
46.0,44.0,88.0,53.0,72.0,45.0,69.0,86.0,113.5,87.5,26.0,77.0
44.0,44.0,87.0,53.0,70.0,45.0,67.5,85.5,112.0,87.0,24.5,76.5
40.5,44.0,83.0,53.0,67.0,44.0,64.0,86.0,108.0,87.0,21.0,77.0
38.0,44.0,80.0,53.5,64.0,45.0,61.5,85.5,105.0,87.0,17.0,77.0
33.0,45.0,75.0,54.0,59.0,45.5,56.0,87.0,99.5,87.5,11.0,78.0
28.0,46.5,71.0,56.0,55.0,46.5,52.0,88.0,95.0,89.0,6.0,80.5
23.0,49.0,66.5,58.0,50.0,49.0,46.5,90.0,89.0,91.0,0.5,82.5
19.0,52.0,62.5,61.5,45.5,51.5,42.5,93.5,84.5,93.5,,
15.0,55.0,59.0,64.0,41.0,54.0,38.5,96.5,80.5,96.5,,
12.5,58.0,56.5,67.5,39.0,58.0,35.0,99.5,78.0,100.0,,
10.0,62.0,54.5,69.5,36.0,60.0,33.0,103.0,76.5,102.5,,
9.5,64.5,54.0,72.5,36.0,63.0,32.0,106.0,75.0,105.0,,
10.0,67.0,54.0,75.0,36.0,65.0,32.5,108.5,75.0,108.0,,
10.5,69.0,55.0,77.0,37.0,67.0,33.0,110.0,76.5,110.0,,
14.5,69.5,,,38.0,68.0,34.0,112.0,77.0,111.0,,
15.5,69.5,59.0,77.0,41.0,68.0,37.0,112.0,80.0,111.5,,
18.0,70.0,61.5,77.5,43.0,68.0,39.5,111.5,82.5,112.5,,
21.0,69.0,64.0,77.0,46.0,68.0,43.0,111.0,85.5,111.5,,
24.5,67.0,67.0,75.0,41.0,95.5,46.5,109.0,89.0,110.0,0.5,103.0
28.0,64.0,70.0,73.0,42.5,94.5,49.0,106.0,92.0,107.0,4.0,99.0
30.0,61.0,72.5,69.5,33.0,125.0,52.0,103.0,95.0,104.0,7.0,95.5
33.0,58.0,74.5,66.5,57.0,58.0,54.5,99.5,98.0,101.0,10.0,92.0
34.0,54.0,76.5,63.5,59.5,54.0,56.5,95.5,100.0,97.5,12.0,88.0
35.0,51.0,78.0,60.0,61.0,51.0,58.0,93.0,102.0,94.0,14.0,84.0
36.0,48.0,78.5,57.5,62.0,48.0,58.5,89.5,102.5,91.0,15.0,81.0
37.0,46.0,79.0,55.0,62.0,46.0,60.0,87.5,103.0,89.0,15.5,79.0
37.0,44.0,79.5,53.5,63.0,45.0,60.0,86.0,104.0,87.0,15.5,77.5
36.5,44.0,79.5,53.5,63.0,45.0,60.0,86.0,104.0,87.0,15.5,77.5
36.5,44.0,79.0,54.0,63.0,45.0,60.0,86.0,104.0,87.0,15.5,77.5
37.0,46.0,79.5,55.5,64.0,46.0,60.0,87.5,104.0,89.0,16.0,79.5
38.0,48.0,80.0,57.5,64.0,48.5,60.5,90.0,105.0,91.5,17.0,81.5
39.0,51.0,81.0,60.5,65.0,51.0,62.0,93.0,106.0,94.0,18.0,84.0
41.0,54.0,82.5,62.5,65.5,54.0,62.5,95.5,107.0,98.0,19.5,87.5
42.5,56.5,84.0,66.0,67.0,57.0,64.5,98.5,109.0,101.0,21.0,90.0
45.0,59.0,86.5,68.0,69.0,59.5,66.5,101.5,112.0,103.5,24.0,92.0
47.0,61.0,88.5,69.5,71.0,61.0,69.0,103.0,114.5,106.0,26.0,94.0
49.0,62.0,90.5,71.5,73.0,63.0,71.5,104.5,117.0,108.0,29.0,95.5
51.0,63.0,93.0,72.0,75.0,64.0,74.0,105.5,120.0,109.0,32.0,96.0
53.5,62.5,95.0,72.0,77.5,64.0,76.0,105.5,123.0,109.5,34.0,96.0
55.0,62.0,97.0,72.0,78.5,63.5,77.0,105.5,125.0,109.0,35.0,95.5
56.0,61.0,98.0,70.0,80.0,62.0,78.5,103.0,126.0,108.0,36.0,94.0
56.0,59.0,98.5,69.0,80.0,60.5,78.5,101.5,126.0,105.5,37.0,92.0
56.0,57.0,98.0,67.0,80.0,59.0,78.5,100.0,126.0,103.0,36.5,90.5
54.0,55.0,96.0,64.0,79.0,56.0,77.0,97.5,124.0,100.0,35.0,87.5
52.0,52.0,95.0,61.0,78.0,54.0,75.0,94.0,122.0,97.0,32.5,85.0
49.5,49.5,92.0,59.0,75.0,51.0,72.5,91.5,118.0,94.0,30.0,83.0
46.0,47.5,88.5,57.0,72.0,49.0,68.5,89.5,113.5,91.5,26.0,81.0
42.0,46.0,84.0,55.0,67.5,46.0,64.0,88.0,110.0,89.0,21.0,79.0
38.0,44.0,81.0,54.0,64.0,45.0,62.0,86.0,105.0,87.0,17.5,77.5
34.0,44.0,76.0,53.5,60.0,44.0,57.5,85.5,101.0,86.0,13.0,77.0
31.0,43.0,74.0,53.0,57.5,43.5,54.0,85.0,97.0,86.0,9.0,76.0
29.0,44.0,72.0,53.0,55.0,44.0,52.0,85.0,95.0,86.0,6.5,77.0
28.0,44.0,70.0,53.5,54.0,44.0,51.5,85.5,94.0,86.0,5.5,77.5
27.5,44.0,70.5,54.0,54.0,45.0,51.0,86.0,94.0,86.5,5.0,78.0
28.0,44.5,71.0,54.0,55.0,45.0,52.0,86.0,94.0,87.0,6.0,78.0
30.0,45.0,73.0,55.0,56.5,45.0,53.0,87.0,96.0,88.0,8.0,79.0
32.0,45.0,75.0,54.0,59.0,45.0,55.0,87.0,99.0,87.5,11.0,78.0
36.0,44.0,78.5,53.5,62.5,44.5,59.0,86.0,103.0,87.0,15.0,77.5
40.0,43.0,82.0,52.0,66.0,44.0,63.0,85.0,107.0,86.0,20.0,76.0
44.0,41.0,86.0,50.0,70.0,42.5,66.5,82.5,111.0,84.0,24.0,74.0
47.0,39.0,90.0,48.0,73.0,40.0,70.0,81.0,116.0,82.0,27.5,72.0
51.0,37.0,93.0,45.0,77.0,37.0,73.5,78.5,119.5,78.5,31.0,69.0
53.0,34.0,95.5,42.5,80.0,35.5,75.5,76.5,122.0,77.0,33.5,66.5
55.0,31.0,97.5,39.5,82.5,32.0,78.0,73.0,125.5,73.5,35.0,64.0
56.0,28.0,99.5,37.0,84.0,30.0,79.0,71.0,126.0,70.5,36.0,62.0
56.0,26.0,99.0,35.0,84.0,27.5,79.0,69.0,126.0,69.0,37.0,59.5
55.0,25.0,98.0,34.0,83.0,26.0,78.0,68.0,125.0,68.0,35.0,59.0
53.0,25.0,96.0,34.0,81.0,26.0,76.0,69.0,122.0,68.0,33.0,59.0
50.0,27.0,93.0,36.0,78.0,27.0,73.0,70.0,119.0,69.0,30.0,60.0
47.0,29.0,89.5,38.5,74.0,30.0,70.0,71.0,115.0,71.5,27.5,62.5
43.5,32.0,86.0,41.5,71.0,33.0,67.5,74.5,111.5,74.5,23.5,64.5
41.0,35.5,83.0,46.0,67.0,37.0,64.0,78.0,107.5,78.5,20.5,69.0
38.0,40.0,81.0,50.0,65.0,41.0,62.0,82.0,106.0,83.0,17.5,73.5
37.0,45.0,78.5,54.0,62.0,46.0,60.0,86.0,103.0,88.0,15.0,78.0
35.0,49.5,77.5,58.5,60.5,50.0,58.0,91.0,101.5,92.0,14.0,83.0
35.0,53.0,77.0,62.0,60.0,54.0,57.5,94.5,101.0,96.0,13.0,87.0
34.5,55.5,77.0,65.0,60.0,56.0,57.5,97.5,100.5,99.5,13.0,90.0
35.5,58.5,77.5,67.5,60.0,58.0,57.5,100.5,101.0,102.0,13.5,92.5
36.5,59.5,78.0,69.0,61.0,59.5,58.5,101.5,102.0,103.5,14.0,94.0
37.0,60.0,79.0,69.0,62.0,60.0,59.0,102.0,103.0,104.0,15.5,94.5
38.5,59.5,80.0,69.0,62.5,60.0,60.0,102.0,104.5,104.0,16.5,94.0
39.0,59.0,81.0,68.0,64.5,59.0,61.0,101.0,105.0,103.5,18.0,93.0
39.5,57.0,81.5,66.0,64.0,58.0,62.0,99.0,106.0,101.0,18.5,91.0
40.5,54.5,82.0,63.5,64.5,55.5,63.0,96.5,106.5,98.5,19.0,88.0
40.0,51.0,82.0,61.0,64.5,52.0,62.0,93.0,106.0,95.0,19.0,85.0
38.5,48.0,81.0,57.0,64.0,49.0,62.0,90.0,105.0,91.0,17.5,81.5
37.0,44.0,79.0,54.0,63.0,45.0,60.0,86.0,104.0,87.0,16.0,78.0
35.0,41.0,77.0,51.0,61.0,42.0,58.0,84.0,102.0,84.0,14.0,74.0
32.0,38.0,75.0,48.0,59.0,39.0,56.0,80.0,99.0,81.0,12.0,71.0
30.0,35.5,73.0,46.0,57.0,36.0,54.0,78.0,97.0,78.5,9.0,69.0
28.0,34.0,71.0,44.0,56.0,35.0,52.0,77.0,95.0,77.0,6.0,67.5
25.5,32.5,70.0,44.0,54.0,34.0,50.0,76.0,93.5,76.5,4.0,67.0
25.0,33.0,69.0,44.0,53.0,34.0,49.5,76.5,92.0,76.5,3.5,66.5
25.0,34.0,68.5,45.0,53.0,35.0,50.0,77.0,92.0,77.0,3.5,68.5
25.5,36.5,69.0,46.5,53.0,37.0,50.0,79.0,93.0,79.0,3.0,70.0
28.0,38.0,71.0,48.0,55.0,38.5,52.0,80.0,94.0,81.0,6.0,72.0
30.0,40.0,73.0,50.0,57.0,41.0,53.5,82.5,96.0,83.0,8.0,74.0
32.0,42.0,75.0,52.0,59.0,42.0,55.0,84.0,99.0,85.0,11.0,76.0
35.5,43.5,78.5,53.5,62.0,44.5,59.0,85.5,102.5,86.5,14.0,77.0
39.0,45.0,82.0,54.0,65.0,46.0,62.0,87.0,106.0,88.0,19.0,78.0
42.0,45.0,83.5,55.0,67.0,46.0,64.0,87.0,109.0,89.0,21.0,79.0
44.0,45.5,87.0,55.0,70.0,46.5,66.0,87.0,111.0,89.0,24.0,79.0
46.0,45.5,88.0,55.0,72.0,46.0,68.5,87.0,113.0,89.0,26.5,78.5
47.0,45.0,90.0,54.0,73.0,46.0,70.0,87.0,116.0,89.0,27.0,78.0
47.0,45.0,89.5,53.5,73.0,46.0,70.0,87.0,115.0,88.0,27.5,77.5
46.5,44.0,89.0,53.0,72.0,45.0,69.0,86.0,114.0,87.5,26.5,76.5
44.0,44.0,86.5,52.5,70.0,45.0,67.5,85.5,112.0,86.5,24.0,76.5
41.0,43.5,83.0,53.0,66.0,44.0,64.0,86.0,107.0,87.0,20.5,76.5
37.0,44.0,79.5,53.5,63.5,44.5,60.5,85.5,104.0,87.0,16.5,77.5
32.0,45.0,74.5,54.5,59.0,45.0,55.0,86.5,99.0,88.0,11.0,78.5
27.0,47.0,70.0,57.0,54.0,47.0,51.0,89.0,94.0,89.5,5.0,81.0
22.5,49.0,66.0,58.0,49.0,49.0,46.0,91.0,89.0,91.0,0.0,83.5
18.0,52.0,61.5,61.5,45.0,52.0,41.5,93.5,84.0,94.0,,
14.5,55.5,58.5,64.5,41.0,55.0,38.0,97.0,80.5,97.5,,
12.0,59.0,56.5,67.5,38.0,58.0,35.0,100.0,78.0,100.0,,
10.5,61.5,55.0,70.0,37.5,60.5,33.0,103.5,76.5,103.5,,
10.0,64.0,54.0,73.0,36.5,63.0,32.5,106.0,75.5,105.5,,
10.5,66.5,55.0,75.0,38.0,66.0,33.0,108.5,76.0,108.5,,
12.0,68.0,56.0,76.0,38.0,67.0,34.0,110.0,76.5,109.5,,
14.0,69.0,58.5,77.5,41.0,68.0,36.5,111.5,78.0,110.0,,
16.5,69.5,59.5,77.5,42.0,68.0,37.5,111.5,81.5,111.5,,
19.5,69.0,62.0,77.0,44.5,68.0,41.0,111.0,83.5,111.5,,
22.5,67.5,65.0,75.5,47.5,66.0,44.5,109.5,87.0,110.5,,
25.5,65.0,68.0,73.5,41.5,94.5,47.0,107.0,90.0,108.0,1.0,101.0
28.5,62.5,70.5,71.5,53.0,62.0,50.5,104.5,93.0,105.0,5.0,97.5
31.0,59.0,73.0,68.5,56.0,59.0,53.0,101.0,96.5,102.5,8.5,93.5
33.0,56.0,75.5,65.0,58.0,56.0,55.0,97.0,99.0,99.0,11.0,90.0
34.5,52.0,76.5,61.5,60.0,53.0,57.0,94.0,100.5,95.5,13.0,86.0
36.0,49.0,78.0,58.0,61.0,50.0,58.5,91.0,102.0,92.0,14.5,82.0
36.5,46.0,78.5,55.5,62.0,47.0,59.5,87.5,103.0,89.0,15.0,79.5
36.5,44.0,79.0,53.5,63.0,44.5,60.0,86.0,103.0,87.0,15.5,77.5
36.5,43.0,79.0,52.5,63.0,44.0,60.0,85.5,104.0,86.0,16.0,76.0
36.5,43.0,78.5,52.0,63.0,44.0,60.0,85.0,104.0,86.0,15.5,76.0
36.5,43.5,79.0,53.5,63.0,44.0,60.0,85.5,104.0,87.0,15.5,77.0
37.0,46.0,79.0,55.0,63.0,46.0,60.0,87.5,104.0,88.0,16.0,79.0
38.0,47.5,80.0,57.5,64.0,48.0,60.5,89.5,105.0,91.0,17.0,81.5
39.0,51.0,81.5,59.5,64.0,51.0,62.0,92.0,106.0,94.0,18.0,84.0
40.0,53.0,82.5,62.5,65.0,54.0,62.5,95.5,107.0,97.5,20.0,87.0
42.0,56.5,84.5,65.5,67.0,57.0,65.0,98.0,109.0,101.0,21.0,90.0
44.5,58.5,86.5,67.5,69.5,59.0,67.0,101.0,112.0,103.5,24.0,92.0
47.0,60.0,88.5,69.5,71.0,61.0,69.0,103.0,114.5,105.5,26.0,94.0
49.5,61.5,91.0,71.0,73.0,62.0,71.0,104.0,117.5,107.5,29.0,95.0
51.5,61.5,93.0,71.5,75.0,63.0,74.0,105.0,120.0,108.0,31.0,95.5
53.0,62.0,95.0,72.0,77.0,63.0,75.5,104.5,122.5,108.5,33.0,96.0
54.5,60.5,96.0,70.5,78.0,62.0,76.5,103.5,124.0,107.5,35.0,94.0
55.0,59.5,97.0,69.0,79.0,61.0,78.0,102.0,125.5,106.0,36.0,93.0
55.0,58.0,97.5,67.5,79.0,60.0,78.0,101.0,125.5,104.0,36.0,92.0
54.0,56.0,96.5,65.5,78.5,57.5,77.0,98.0,124.0,102.0,34.5,89.0
53.0,54.0,95.0,63.0,78.0,55.0,75.0,96.0,122.0,98.5,33.0,86.0
50.0,51.0,92.5,60.0,75.0,52.0,73.0,93.0,119.0,95.0,30.5,84.0
47.0,49.5,89.5,57.5,72.5,50.0,70.0,90.0,115.0,92.0,27.0,82.0
43.0,47.0,86.0,55.5,69.0,47.0,66.0,88.5,111.0,90.0,23.0,79.5
40.0,45.0,82.0,54.0,65.0,46.0,62.5,86.5,106.0,88.0,19.0,78.0
35.0,44.0,78.0,53.5,61.5,44.0,58.0,85.0,102.0,87.0,14.0,77.0
31.0,43.0,74.0,53.0,58.0,43.0,54.5,84.5,97.0,86.0,9.5,76.5
28.0,43.0,72.0,53.0,56.0,43.0,52.0,85.0,95.0,86.0,6.0,77.0
26.0,43.0,69.0,53.0,53.0,43.5,50.0,85.5,93.0,86.0,3.0,77.0
25.0,44.0,68.0,53.0,52.0,43.0,49.0,86.0,92.5,86.5,2.5,77.0
25.0,44.0,68.0,54.0,52.5,44.5,49.0,86.0,92.0,87.0,3.0,78.0
26.5,45.0,70.0,55.0,54.0,45.0,50.0,87.0,93.0,87.5,4.0,79.0
29.0,45.0,72.0,55.0,55.0,45.0,52.0,87.0,94.0,88.0,6.0,79.0
31.0,45.0,74.0,55.0,58.0,45.0,54.5,86.5,97.5,87.5,9.5,78.0
35.0,44.0,78.0,54.0,62.0,45.0,58.0,86.0,102.0,87.0,14.0,78.0
39.0,43.5,82.0,52.5,65.0,44.0,62.0,85.0,106.0,86.5,18.5,76.0
42.5,42.0,85.5,50.5,69.5,42.5,65.5,83.5,110.0,84.0,22.0,75.0
46.0,39.0,89.5,48.5,73.0,40.0,69.5,81.5,114.0,82.0,26.5,72.0
49.0,37.0,92.0,46.0,77.0,37.0,73.0,79.0,118.0,80.0,30.0,70.0
51.5,34.5,95.0,43.0,79.0,35.0,75.0,77.0,121.0,77.0,32.5,67.0
53.0,31.0,96.5,40.0,80.5,32.5,76.0,74.0,123.0,74.0,33.5,64.5
54.0,30.0,97.0,38.0,81.0,30.0,77.0,72.0,124.0,72.0,35.0,63.0
54.0,28.0,97.0,36.0,81.0,29.0,77.0,70.5,123.0,70.0,34.0,61.0
52.5,27.0,95.0,36.0,80.0,28.5,75.0,70.0,121.0,70.0,33.0,61.0
50.0,28.0,93.5,36.5,78.0,29.0,73.5,71.0,119.5,70.5,31.0,61.0
47.5,29.0,90.5,38.0,75.0,30.0,70.5,71.5,116.0,72.0,28.0,62.0
44.0,31.0,87.5,40.5,72.0,32.0,68.0,74.0,113.0,74.0,25.5,64.5
41.0,35.0,83.5,44.5,68.5,36.0,65.0,77.0,109.5,78.5,21.0,68.0
39.0,39.0,82.0,49.0,66.0,39.5,62.0,82.0,106.0,82.0,18.0,72.0
37.0,44.0,79.5,53.5,63.0,44.0,60.0,85.5,104.0,87.0,16.0,77.0
35.0,48.0,77.5,57.5,61.0,49.0,58.5,90.0,102.0,91.5,14.0,81.5
34.5,52.5,76.5,61.5,60.0,52.5,57.0,94.0,100.5,95.5,13.0,86.0
35.0,56.0,76.0,65.0,59.0,56.0,56.5,97.5,100.5,99.5,12.5,89.5
35.0,59.0,76.5,67.5,33.0,125.0,56.5,100.5,100.0,102.0,12.5,93.0
36.0,61.0,77.5,69.5,60.0,61.0,57.5,102.5,101.0,104.0,13.0,95.0
37.0,62.0,78.0,71.0,61.0,62.0,58.5,103.5,102.5,105.5,14.5,96.0
38.0,62.0,79.0,71.0,62.0,62.0,59.5,104.5,103.5,106.5,16.0,96.0
38.5,61.5,80.5,70.5,63.0,62.0,60.5,103.5,104.5,106.0,17.0,95.5
40.0,60.0,81.0,69.0,64.5,60.5,62.0,102.0,106.0,105.0,18.0,94.0
40.5,58.5,82.0,67.0,49.0,92.0,62.5,100.0,107.0,102.0,19.0,92.0
40.0,56.0,82.0,65.0,65.0,56.0,63.0,98.0,107.0,100.0,19.0,89.5
40.0,52.0,82.0,62.0,65.0,53.0,63.0,94.0,107.0,96.0,19.0,86.0
39.5,49.5,82.0,59.0,65.0,50.0,62.0,91.0,106.0,92.0,18.0,82.5
38.0,46.0,80.0,55.0,64.0,46.0,61.0,88.0,105.0,89.0,17.0,79.0
35.5,42.0,78.5,52.0,62.0,43.0,59.0,84.0,103.0,86.0,14.0,76.0
33.0,40.0,75.5,49.5,60.0,40.0,56.5,82.0,100.0,82.5,12.0,73.0
31.0,37.0,74.0,47.0,58.0,38.0,55.0,80.0,98.0,80.0,9.5,70.5
29.0,36.0,73.0,46.0,57.0,37.0,53.0,79.0,96.0,79.0,8.0,70.0
28.0,35.0,71.5,46.0,55.0,36.0,52.0,78.0,95.5,78.5,6.0,69.0
27.0,36.0,71.0,46.0,55.0,37.0,51.5,78.5,94.5,79.0,6.0,69.0
28.0,37.0,71.0,47.0,55.0,37.0,52.0,79.0,94.0,80.0,6.0,70.0
28.0,38.0,72.0,48.0,56.0,39.0,52.0,81.0,95.0,81.0,7.0,72.0
30.0,40.0,73.0,50.0,57.0,41.0,54.0,83.0,97.0,82.5,9.0,74.0
33.0,42.0,75.0,52.0,59.5,42.0,56.0,84.0,99.0,85.0,11.0,76.0
36.0,43.0,78.5,53.5,62.5,44.0,59.0,85.5,103.0,86.5,15.0,77.0
40.0,45.0,82.0,54.5,66.0,45.0,62.5,86.5,106.0,88.0,19.0,78.0
42.0,46.0,84.0,55.5,68.0,46.0,65.0,88.0,109.5,89.5,21.0,79.0
45.0,46.0,87.0,55.0,71.0,46.5,68.0,88.0,113.0,90.0,25.0,79.0
47.0,46.0,90.0,55.0,74.0,47.0,70.5,88.0,116.0,90.0,27.0,79.0
49.0,45.0,92.0,55.0,75.0,46.0,71.5,87.5,118.0,90.0,30.0,79.0
50.0,45.0,92.5,54.5,76.0,46.0,73.0,87.0,119.0,89.0,30.0,78.0
50.0,44.5,92.5,54.0,76.0,45.0,73.0,86.0,118.0,88.0,30.0,78.0
49.0,44.0,91.0,53.0,75.0,45.0,72.0,86.0,117.0,87.0,29.0,77.0
46.0,43.0,89.0,53.0,73.0,44.0,69.5,85.5,114.0,86.0,26.5,76.5
43.0,43.0,85.5,52.0,69.0,44.0,65.5,85.5,110.5,86.5,22.0,76.0
39.0,44.0,81.5,53.0,65.0,45.0,62.0,85.5,106.0,86.0,18.5,77.0
33.5,44.5,76.5,54.0,60.5,45.0,57.0,87.0,100.0,87.0,12.0,78.0
29.0,46.0,72.0,56.0,56.0,46.0,52.5,88.0,95.0,89.5,7.0,80.0
24.0,49.0,67.0,58.0,50.0,49.0,47.0,90.0,90.5,91.5,1.0,83.0
19.5,51.5,63.0,61.0,46.0,52.0,43.0,94.0,86.0,94.0,,
16.0,55.0,60.0,64.0,43.0,54.0,40.0,96.0,82.0,97.0,,
14.0,58.0,57.0,68.0,40.0,57.0,36.5,99.5,79.0,100.0,,
13.0,61.0,56.5,69.5,38.0,60.0,35.0,103.0,78.0,103.0,,
12.5,64.0,56.5,71.5,38.0,62.0,34.5,105.5,77.5,105.5,,
13.0,66.0,56.5,74.0,38.0,64.0,34.0,108.0,78.0,107.5,,
14.0,67.0,57.5,75.5,40.0,66.0,36.0,109.0,78.5,109.0,,
16.5,67.5,59.0,76.0,42.0,66.0,38.0,110.0,80.5,109.5,,
18.5,67.5,62.0,76.0,44.0,66.0,40.5,109.5,83.5,109.5,,
22.0,66.5,64.5,74.5,33.0,125.0,44.0,109.0,86.5,109.0,,
25.0,65.0,67.0,73.5,33.0,125.0,46.5,106.5,89.5,107.5,1.0,100.0
28.0,62.0,69.5,71.0,52.0,62.0,49.5,104.0,92.5,105.5,4.0,97.5
30.5,59.5,72.0,68.0,55.0,59.0,52.5,101.5,95.5,102.5,7.0,94.0
32.5,55.5,74.5,65.0,58.0,56.0,54.5,97.5,98.5,99.0,10.0,90.0
34.0,52.0,76.5,61.5,60.0,52.0,56.5,93.5,100.5,95.5,12.5,85.5
36.0,48.0,78.0,58.0,62.0,48.0,58.5,90.0,102.0,91.5,14.0,82.0
36.5,45.0,78.5,54.0,63.0,45.5,60.0,87.0,103.0,88.0,15.5,78.0
36.5,42.0,79.0,51.5,63.0,43.0,60.5,84.0,103.5,85.5,16.0,75.5
36.5,40.5,79.0,49.5,64.0,41.0,60.5,82.0,103.0,83.0,15.5,73.5
37.0,39.0,79.0,49.0,63.0,40.0,60.0,81.5,103.5,82.0,16.0,72.5
36.0,39.5,79.0,49.0,62.5,40.0,59.5,81.5,103.0,82.0,15.0,72.0
36.0,41.0,78.5,50.0,62.5,41.0,59.0,83.0,103.0,83.5,15.0,74.0
36.0,43.0,78.5,52.0,63.0,43.0,59.5,85.0,103.5,85.5,15.0,76.0
37.0,45.5,80.0,55.0,63.5,46.0,60.0,87.5,104.0,88.0,16.0,79.0
38.0,48.5,81.0,58.0,64.0,49.0,61.0,90.0,105.5,92.0,18.0,82.0
40.0,52.0,82.0,61.0,64.5,52.0,62.0,93.0,106.5,94.5,19.0,85.0
41.5,54.0,84.0,63.5,66.0,55.0,64.0,96.0,108.5,98.0,21.0,88.0
44.0,57.0,86.0,66.0,68.5,57.5,66.5,99.0,111.0,101.0,23.0,90.0
46.0,58.0,88.5,67.5,70.0,59.0,68.5,101.0,114.0,104.0,26.0,91.5
48.5,59.5,90.0,69.0,72.0,60.0,70.5,101.5,116.5,105.0,28.5,93.0
50.0,60.0,92.5,69.5,74.0,61.0,72.5,102.0,119.0,106.0,30.5,93.0
51.5,59.5,94.0,69.5,76.0,61.5,74.0,102.0,121.0,105.5,32.0,93.0
52.5,59.5,94.5,68.0,76.5,60.0,75.0,101.0,122.0,105.0,33.0,92.0
53.0,58.0,95.0,67.0,77.5,60.0,76.0,100.0,123.0,104.0,33.0,91.0
52.5,56.0,95.0,65.0,77.0,57.5,75.5,98.0,122.0,101.5,33.0,89.0
52.0,54.0,94.0,63.0,76.0,55.0,75.0,96.0,121.0,99.0,32.0,87.0
50.0,51.5,92.0,60.0,74.5,51.5,72.5,93.5,118.0,95.5,30.0,84.0
46.5,49.0,88.5,58.0,72.0,50.0,69.0,91.0,114.0,93.0,26.0,82.0
42.5,47.0,85.5,55.5,69.0,47.5,65.0,89.0,110.5,90.0,22.0,79.5
39.0,45.0,82.0,54.0,65.0,45.5,62.0,87.0,106.0,88.0,19.0,78.0
34.0,43.0,77.0,53.0,61.0,44.0,57.5,85.5,101.0,86.0,13.0,77.0
30.0,42.5,73.0,52.0,57.0,43.0,54.0,84.5,97.0,85.0,9.0,76.0
26.0,42.0,70.0,52.0,53.0,44.0,50.0,84.0,93.0,85.0,4.0,76.0
23.0,42.0,66.0,52.0,51.0,43.0,47.5,84.0,90.0,85.0,1.0,76.0
21.5,43.0,65.0,53.0,48.0,43.5,46.0,85.0,88.0,85.0,0.5,76.5
21.0,44.0,65.0,54.0,48.0,44.0,45.0,86.0,87.0,86.0,,
21.0,44.0,64.5,54.5,48.0,45.0,45.0,86.0,88.0,87.0,,
23.0,45.0,66.0,55.0,50.0,45.0,46.0,87.0,89.0,88.0,0.5,79.0
25.5,46.0,69.0,55.5,52.0,46.0,49.0,88.0,92.0,88.0,3.0,80.0
29.0,46.0,72.0,55.0,55.0,46.0,52.0,88.0,95.0,88.0,7.0,80.0
32.0,45.0,75.0,55.0,58.0,46.0,55.0,87.0,99.0,88.0,11.0,78.0
36.5,44.0,78.5,53.5,62.0,45.0,60.0,86.0,103.0,87.0,15.0,77.0
40.5,42.5,82.5,52.5,66.0,43.5,63.0,85.0,107.0,85.5,20.0,76.0
44.0,40.0,86.0,50.0,70.0,41.5,67.0,82.0,111.0,83.0,23.5,73.5
47.0,38.0,89.0,47.0,73.0,39.0,70.0,80.0,115.0,81.0,27.0,71.0
49.0,35.0,91.5,44.5,75.5,36.5,72.0,78.0,117.5,78.5,29.5,68.5
50.5,33.0,93.5,42.5,77.0,35.0,73.0,76.0,119.5,76.5,31.5,66.5
51.0,31.0,93.5,40.5,77.0,33.0,73.5,74.5,119.5,74.5,31.5,64.5
51.0,30.0,93.0,39.5,77.5,31.0,73.0,73.0,119.0,73.0,31.0,63.0
49.5,30.5,92.0,39.5,77.0,31.0,72.0,73.0,117.0,73.0,30.0,63.0
47.0,31.0,89.5,40.5,74.0,32.0,70.0,74.0,115.5,74.5,27.5,64.5
43.5,32.5,87.5,42.5,71.0,35.0,68.0,76.0,112.0,76.0,24.0,66.0
41.0,36.0,84.0,46.0,68.0,37.0,65.0,78.0,108.5,79.0,21.0,69.5
39.0,40.0,82.0,49.0,66.0,40.0,62.0,82.0,106.0,83.0,18.0,73.0
36.5,44.0,79.0,54.0,63.0,45.0,60.0,86.0,103.5,87.0,16.0,77.0
34.5,48.5,77.0,58.0,60.5,49.0,57.5,90.5,101.5,91.0,13.0,82.0
34.0,53.0,76.0,62.0,46.0,89.0,56.5,94.5,100.0,96.0,12.0,87.0
33.5,56.5,75.5,65.5,45.5,91.0,56.0,98.5,99.0,100.0,11.5,90.5
34.0,60.0,75.5,69.0,58.0,60.0,56.0,101.5,99.5,103.5,11.5,94.5
34.5,62.5,76.5,71.5,32.5,125.0,56.5,104.5,100.0,106.0,12.5,97.0
35.5,64.0,77.5,73.0,46.5,94.5,57.5,106.5,101.0,108.5,13.0,99.0
37.0,65.0,78.5,73.5,33.0,125.0,58.5,107.5,102.5,109.5,14.5,99.5
38.0,65.0,79.5,74.0,47.5,95.0,60.0,107.0,104.0,110.0,16.5,99.5
39.0,64.5,81.0,74.0,48.0,95.5,61.0,107.0,106.0,109.0,18.0,99.0
40.5,63.0,83.0,72.0,48.5,94.5,62.5,105.5,107.0,108.0,19.0,97.0
41.0,61.0,82.5,69.5,65.5,61.0,63.0,103.0,108.0,105.0,20.0,95.0
41.0,58.0,82.5,67.5,66.0,58.5,63.0,100.0,108.0,102.5,20.5,91.5
41.0,55.0,83.0,64.0,66.0,55.0,63.5,97.5,108.0,99.0,20.0,88.5
40.5,52.0,82.5,60.5,65.5,52.0,62.5,93.5,107.0,95.0,20.0,85.0
40.0,48.0,81.5,57.5,65.0,49.0,62.0,90.0,106.0,92.0,18.5,82.0
37.5,45.5,80.0,55.0,63.5,46.0,61.0,87.0,105.0,88.0,16.5,78.5
35.0,43.0,78.0,52.0,62.0,44.0,59.0,84.5,102.5,85.5,14.0,75.5
33.5,40.5,76.0,50.0,60.0,42.0,57.0,82.5,100.0,84.0,12.0,74.0
32.0,39.0,75.0,49.0,59.0,40.0,55.5,81.5,99.0,82.0,11.0,73.0
31.0,39.0,74.0,49.0,58.0,39.0,55.0,81.0,98.0,82.0,9.5,72.5
31.0,39.0,74.0,49.0,58.0,40.0,55.0,81.0,97.5,82.5,9.5,72.5
31.5,40.5,74.5,50.5,58.0,41.0,55.0,82.5,98.0,83.0,10.0,74.0
33.0,42.0,75.5,51.5,59.5,42.0,56.0,84.0,99.0,84.0,11.0,75.0
35.0,43.0,78.0,53.0,62.0,44.0,58.0,85.0,102.0,86.0,14.0,76.0
38.0,44.5,81.0,54.0,64.5,45.0,62.0,86.5,105.0,88.0,17.5,78.0
41.0,46.0,83.0,55.0,66.0,47.0,63.0,87.5,107.0,89.0,20.0,79.0
44.0,47.0,86.5,56.0,70.0,47.5,67.0,89.0,112.0,90.0,24.0,80.0
47.0,47.0,89.0,56.0,72.5,48.0,70.0,89.0,115.0,91.0,26.5,80.0
50.0,47.0,92.5,56.5,75.5,47.5,72.5,89.5,118.0,91.0,30.0,80.0
52.5,46.5,94.5,56.5,77.5,48.0,75.0,89.0,121.5,90.5,33.0,80.0
54.0,46.0,96.0,55.0,79.5,47.0,76.0,88.0,123.5,90.5,34.0,79.0
54.0,45.0,97.0,54.0,80.0,47.0,77.0,87.0,124.0,89.0,35.0,78.0
54.0,44.0,97.0,53.0,80.0,45.0,77.0,86.0,123.5,88.5,35.0,77.0
53.0,43.0,95.5,52.5,79.0,44.0,75.5,85.5,121.5,86.5,33.0,76.0
50.0,42.0,92.0,52.0,76.0,44.0,72.5,84.5,119.0,86.0,30.0,75.0
46.0,43.0,89.0,51.5,72.0,43.5,69.0,84.0,114.0,86.0,26.0,75.0
41.5,43.0,83.0,52.0,66.0,44.0,65.0,85.0,109.0,86.0,21.0,76.0
37.0,44.0,79.5,53.5,63.0,45.0,60.0,86.0,104.0,87.0,16.0,77.5
32.0,46.0,74.0,55.0,57.0,46.0,55.0,87.0,97.5,88.0,10.0,79.0
27.0,48.0,70.0,58.0,52.5,48.0,50.0,90.0,93.0,91.0,4.0,82.0
22.5,51.0,66.0,60.0,49.0,51.0,45.5,92.5,88.5,93.5,0.0,85.0
19.0,54.0,62.5,63.5,45.0,54.0,42.5,95.5,84.5,95.5,,
16.5,57.0,60.5,65.5,43.0,56.0,39.5,98.5,82.5,99.0,,
15.0,59.5,59.0,68.5,42.0,59.0,38.5,101.5,80.5,101.5,,
15.0,62.0,58.5,70.5,41.0,61.0,37.5,103.5,80.5,103.5,,
15.5,63.5,59.5,72.0,42.0,62.5,38.0,105.0,80.5,105.5,,
17.0,65.0,60.5,73.5,42.5,63.5,39.5,106.5,82.5,106.5,,
19.0,65.0,62.5,73.5,44.0,64.0,41.0,107.0,84.0,107.0,,
22.0,64.0,64.5,73.0,47.0,63.5,44.0,106.0,86.5,107.0,,
25.0,63.0,67.0,72.0,32.5,125.0,46.5,105.5,89.5,105.5,0.5,98.5
27.5,61.0,69.5,69.5,33.0,125.0,49.0,103.0,92.5,103.5,4.0,96.0
30.0,58.0,72.0,67.0,55.0,58.0,52.5,99.5,95.5,101.5,7.0,93.0
32.5,54.5,74.5,63.5,58.0,55.0,54.5,96.5,98.5,97.5,10.0,89.0
34.5,51.0,76.5,60.0,60.0,51.0,57.0,93.0,100.5,94.0,12.0,85.0
36.0,47.0,78.5,56.0,62.0,47.5,59.0,89.0,102.5,90.0,14.5,80.0
37.0,43.0,79.0,53.0,63.0,44.0,60.0,85.0,104.0,86.0,16.0,76.0
37.0,39.0,80.0,49.0,64.5,40.0,61.0,81.5,104.5,83.0,16.5,72.5
37.0,36.0,80.0,46.0,65.0,37.0,61.0,79.0,105.0,79.5,17.0,70.0
37.0,35.0,79.5,44.5,64.0,35.0,60.0,77.0,104.0,78.0,16.5,68.0
36.0,34.0,79.0,44.0,63.0,35.0,60.0,77.0,103.5,77.0,16.0,67.0
35.5,34.5,79.0,44.5,63.0,35.0,59.0,77.0,103.0,77.0,15.0,68.0
35.0,36.0,78.0,46.0,63.0,37.0,59.0,78.0,102.5,79.0,14.0,69.0
35.0,39.0,78.0,48.5,62.5,38.5,58.5,80.5,102.0,82.0,14.0,72.0
36.0,42.0,78.5,51.5,62.0,42.0,59.0,84.0,103.0,85.0,15.0,75.5
37.0,46.0,80.0,55.0,63.0,46.0,60.0,87.0,104.0,88.0,16.0,79.0
38.0,49.0,81.0,58.0,64.5,49.0,62.0,90.5,106.0,92.0,18.0,82.0
41.0,52.0,82.5,60.5,66.0,52.0,62.0,93.0,107.0,95.0,20.0,84.5
42.0,54.0,84.5,63.5,68.0,54.0,65.0,96.0,110.0,98.0,21.5,87.5
44.5,55.5,86.5,65.5,70.0,56.0,67.0,98.0,112.5,100.0,24.5,89.5
46.0,57.0,88.5,66.0,71.0,58.0,69.0,99.0,114.0,102.0,26.5,90.5
48.0,57.5,90.5,67.0,72.0,58.0,70.5,99.5,116.5,102.5,28.5,91.0
49.5,57.5,92.0,67.0,74.0,58.0,72.0,99.0,118.0,102.5,30.0,90.0
50.0,56.0,92.5,65.5,74.0,58.0,73.0,99.0,119.0,101.5,30.5,89.5
50.0,55.0,93.0,64.0,74.5,56.0,72.5,97.5,119.0,100.0,31.0,88.0
49.5,53.5,92.0,62.0,74.0,54.0,72.0,95.0,118.0,98.0,30.0,86.0
48.0,51.0,90.0,60.0,73.0,52.0,70.5,92.5,116.0,95.0,28.0,84.0
45.0,49.0,87.0,57.5,71.0,50.0,68.0,90.5,113.0,92.5,25.0,81.5
41.0,46.5,83.5,55.5,67.0,47.0,64.0,88.0,108.0,90.0,21.0,80.0
38.0,44.0,80.5,54.0,64.0,45.0,61.0,86.0,105.0,87.0,17.5,77.5
33.0,43.0,75.0,52.0,59.0,43.5,56.0,85.0,99.0,86.0,11.0,76.0
29.0,42.0,71.0,52.0,55.5,43.0,52.0,84.0,95.0,85.0,7.0,75.0
24.0,41.0,67.0,52.0,51.0,42.0,47.5,83.5,91.0,84.0,1.0,75.0
20.5,41.5,64.0,52.0,48.0,42.0,45.0,84.0,87.0,84.5,,
18.0,42.0,62.0,52.5,46.0,42.0,42.0,84.0,85.0,85.0,,
16.0,43.0,60.5,53.5,44.0,43.0,40.5,85.5,83.5,85.5,,
16.0,44.0,60.0,54.0,43.0,44.0,40.5,86.0,83.0,86.5,,
17.0,46.0,60.5,55.5,44.0,46.0,40.5,87.5,83.5,88.0,,
19.0,47.0,62.5,56.0,46.0,47.0,43.0,88.0,85.0,89.0,,
21.0,47.0,65.0,57.0,48.5,47.0,45.0,89.0,88.0,89.5,,
25.0,47.0,68.0,57.0,52.0,47.0,48.0,89.0,91.5,89.5,2.0,81.0
29.0,46.0,72.0,56.0,56.0,46.0,52.0,88.0,95.0,89.0,7.0,80.0
33.0,45.0,75.0,55.0,59.0,46.0,56.0,87.0,99.0,88.0,11.0,79.0
37.0,44.0,79.5,53.5,64.0,44.0,60.0,85.5,104.0,87.0,16.0,77.0
40.5,42.5,83.0,51.0,66.5,42.5,63.0,84.0,107.0,85.0,20.0,75.0
43.0,40.0,86.0,49.0,70.0,41.0,66.5,82.0,111.0,83.0,23.0,73.0
45.0,38.0,88.0,47.0,71.0,39.0,69.0,80.0,113.5,80.5,25.5,70.5
47.0,36.0,89.0,45.0,73.0,37.0,69.5,78.5,115.0,79.0,27.0,69.0
47.5,34.5,89.5,44.5,74.0,35.0,70.0,77.0,115.0,78.0,27.0,68.0
46.5,34.0,89.0,43.0,73.0,35.0,69.5,76.5,115.0,77.0,26.0,67.0
45.5,34.5,87.5,44.5,72.0,35.0,68.0,76.0,113.0,77.0,25.0,67.0
43.0,35.0,85.5,44.5,70.0,36.5,66.0,78.0,111.0,78.5,23.0,69.0
40.5,38.5,83.0,48.0,67.0,39.0,64.0,80.0,107.0,81.0,20.0,71.0
38.0,41.5,81.0,51.5,65.0,42.0,62.0,83.0,105.0,85.0,17.0,75.0
36.0,46.0,78.5,55.0,62.0,46.0,59.0,87.0,103.0,88.0,15.0,79.0
35.0,50.0,76.5,59.0,60.0,50.0,57.0,91.0,100.0,92.0,12.5,83.5
33.0,54.0,75.0,63.0,58.0,54.0,56.0,95.0,99.0,97.0,11.0,87.5
33.0,58.0,75.0,67.0,58.0,58.0,54.5,99.5,98.0,101.0,10.5,92.0
33.0,62.0,75.0,70.0,45.0,93.0,54.5,103.5,98.0,105.0,10.0,96.0
34.0,64.0,75.5,73.0,58.0,64.0,55.0,106.5,99.0,108.0,11.0,99.0
35.0,67.0,76.0,75.0,33.0,125.0,56.0,110.0,100.0,111.0,12.0,101.5
36.0,68.0,77.0,77.0,58.5,68.0,57.0,111.0,101.0,113.0,13.5,103.0
37.0,68.0,78.5,77.5,60.0,68.0,59.0,111.0,103.0,113.5,15.5,103.5
39.0,68.0,80.0,77.5,47.5,96.5,60.5,111.0,104.0,114.0,17.0,103.0
40.5,67.5,82.0,76.0,64.0,68.0,62.0,110.0,106.0,113.0,19.0,102.0
41.5,65.5,82.5,75.0,49.0,95.5,63.0,109.0,108.0,111.0,20.0,101.0
42.5,63.5,83.0,73.0,66.0,64.0,64.0,106.0,108.0,109.0,21.0,98.0
42.5,60.5,84.5,69.5,66.5,61.5,64.5,103.0,109.0,105.5,21.5,94.5
42.5,57.5,84.0,67.0,66.5,58.0,64.5,99.5,109.0,102.0,21.0,91.0
41.0,54.0,84.0,63.5,66.0,55.5,64.0,96.0,109.0,98.0,20.5,88.0
41.0,51.0,82.5,60.5,66.0,52.0,63.0,93.0,107.0,95.0,20.0,84.5
40.0,48.0,82.5,58.0,65.0,49.0,62.5,90.5,106.0,91.5,19.0,82.0
38.0,46.0,81.0,55.0,64.0,47.0,61.5,87.5,105.0,89.0,17.0,79.0
37.0,44.0,79.5,53.5,63.0,44.0,60.0,86.0,103.5,87.0,15.5,77.5
35.0,43.0,78.0,52.0,62.0,44.0,58.5,85.0,102.0,86.0,14.0,76.0
35.0,42.0,77.5,52.0,62.0,43.0,58.0,85.0,101.5,85.5,13.5,76.0
35.0,42.5,77.0,52.0,61.5,43.5,58.0,85.0,101.5,85.5,13.5,76.0
35.5,43.5,78.5,53.0,62.0,44.0,59.0,85.5,103.0,87.0,15.0,77.0
38.0,45.0,80.5,54.0,64.0,45.0,61.0,87.5,105.0,88.0,17.0,78.0
40.0,46.0,82.5,54.5,66.0,46.5,62.0,88.0,107.0,89.0,20.0,79.0
42.0,47.0,84.5,56.0,68.5,48.0,65.0,89.0,110.0,90.0,21.5,80.0
46.0,47.5,88.0,57.0,72.0,49.0,68.5,90.0,113.0,92.0,26.0,81.0
49.0,48.5,91.5,57.5,74.5,50.0,72.0,90.0,118.0,92.0,29.5,81.5
52.5,48.5,94.5,58.0,77.5,49.5,75.0,90.0,121.5,92.5,32.5,81.5
54.0,49.0,97.0,57.0,80.0,49.5,77.0,90.0,125.0,93.0,35.0,81.0
57.0,47.0,99.5,56.5,82.0,49.0,79.0,90.0,126.5,92.5,37.0,80.0
58.0,46.0,101.0,55.0,84.0,47.0,81.0,88.0,,,39.0,78.0
59.0,45.0,101.5,54.5,84.0,47.0,81.5,87.5,,,39.0,78.0
58.0,44.0,101.5,52.5,84.0,45.0,81.0,86.0,,,39.0,77.0
56.5,42.5,99.5,52.0,82.5,44.0,79.5,84.5,125.5,86.5,37.0,75.0
54.0,42.0,96.0,51.0,79.0,43.0,76.5,84.0,123.0,86.0,34.0,75.0
50.0,42.0,92.0,51.0,76.0,42.0,73.0,84.0,118.0,85.0,30.0,74.0
45.0,42.0,87.5,51.0,71.0,43.0,68.0,84.0,113.0,85.0,25.0,74.5
40.0,43.0,82.5,52.5,66.0,43.0,63.0,85.0,107.0,86.0,20.0,76.0
34.5,44.5,77.0,54.0,61.5,45.0,58.0,86.0,101.5,87.5,13.5,78.0
30.0,46.5,72.5,56.0,56.0,47.0,53.0,88.5,96.0,90.0,8.0,80.0
25.5,49.5,68.0,59.0,52.0,50.0,48.5,91.0,91.5,92.0,2.0,84.0
22.0,52.5,65.5,61.5,48.0,52.0,45.0,94.0,88.0,95.0,,
19.5,55.5,63.0,64.5,46.0,55.0,42.5,97.5,85.5,97.5,,
19.0,58.0,62.0,67.0,33.0,125.0,41.0,99.5,84.0,100.0,,
18.5,60.0,61.0,69.0,38.5,92.0,40.5,101.5,83.0,102.0,,
18.5,61.5,62.0,69.5,38.5,93.0,41.0,103.0,84.0,103.0,,
20.5,61.5,63.0,70.5,46.0,61.5,42.5,103.5,85.0,104.0,,
22.0,62.0,65.0,70.5,40.5,93.0,44.5,103.5,87.0,104.5,,
24.0,61.0,67.0,70.0,50.0,60.5,47.0,103.0,89.5,103.5,0.5,96.0
27.5,59.5,70.0,68.0,42.5,92.0,49.5,101.5,92.0,102.0,4.0,94.0
30.0,57.0,72.0,66.0,44.0,91.0,52.5,98.5,95.0,100.0,7.0,91.0
33.0,54.0,74.5,62.5,58.0,54.0,54.5,95.5,98.5,96.5,10.0,87.5
35.0,50.0,76.5,59.5,60.0,50.0,57.0,91.5,100.5,93.0,13.0,83.5
36.0,46.0,78.5,55.0,62.0,46.0,59.0,87.5,102.5,88.5,15.0,79.0
37.5,41.5,80.0,51.5,64.0,42.0,61.0,83.5,104.0,84.0,17.0,75.0
38.0,37.0,81.0,47.0,65.0,38.0,62.0,79.0,106.0,80.0,17.0,70.0
38.0,33.0,81.0,43.0,65.0,35.0,62.0,76.0,105.5,76.5,17.0,67.0
37.0,30.0,80.0,41.0,65.0,31.0,61.0,74.0,105.0,74.0,17.0,64.0
36.0,29.0,79.0,39.0,65.0,30.0,60.0,72.0,103.0,72.0,16.0,63.0
35.5,28.5,79.0,39.0,64.0,29.0,60.0,72.0,103.0,72.0,15.5,62.5
34.5,29.0,78.0,40.0,63.0,31.0,60.0,72.0,102.0,72.5,14.0,63.0
34.0,31.5,77.5,42.5,61.0,33.0,58.0,74.5,102.0,75.0,13.5,64.5
34.0,35.0,77.5,45.0,61.5,35.0,58.0,77.0,101.5,78.0,13.0,68.0
34.5,38.5,77.5,48.0,62.0,39.0,58.0,81.0,101.5,81.5,13.5,71.5
35.5,42.0,78.0,51.0,62.0,43.0,59.0,84.0,102.5,85.0,15.0,75.5
37.5,45.5,80.0,55.0,64.0,46.5,60.5,87.5,105.0,89.0,17.0,79.0
40.0,49.0,82.0,58.0,65.0,49.5,62.0,91.0,106.0,92.0,19.0,82.0
41.0,51.0,83.0,60.5,66.0,52.0,64.0,93.0,108.0,95.0,20.5,84.5
43.0,53.0,85.0,62.0,68.0,54.0,66.0,95.0,110.5,97.5,22.0,87.0
45.0,54.5,86.5,63.5,70.0,55.0,67.0,96.0,112.5,98.5,24.5,87.5
46.5,55.0,88.5,63.5,70.5,56.0,68.5,97.0,114.0,99.0,26.0,88.0
47.0,55.0,89.0,63.5,72.0,55.5,70.0,97.0,115.0,99.0,27.0,88.0
47.5,53.5,89.5,63.0,72.0,54.5,70.0,96.0,115.5,98.0,27.0,87.0
47.0,52.0,89.0,61.5,72.0,54.0,70.0,94.0,115.0,96.5,27.0,85.0
46.0,50.0,88.0,59.5,70.0,51.0,68.5,92.0,113.0,94.0,26.0,83.0
43.5,48.0,86.0,57.5,69.0,49.0,66.5,90.0,111.5,92.0,23.5,81.5
40.5,46.5,83.0,55.0,66.0,47.0,63.0,88.0,107.0,90.0,20.0,79.0
36.5,44.0,79.5,53.5,63.0,44.0,60.0,86.0,103.5,87.0,15.5,77.5
31.5,42.5,74.5,52.5,58.5,42.5,55.0,84.0,98.0,85.0,10.0,76.0
27.0,40.0,70.0,51.0,54.5,42.0,51.0,83.0,94.0,84.0,5.5,74.5
21.5,40.5,66.0,51.0,49.0,41.0,47.0,83.0,89.0,83.0,0.5,74.5
18.0,40.0,62.0,51.0,46.0,41.0,42.5,82.5,85.0,83.0,,
14.0,41.0,59.0,51.0,42.0,41.0,39.5,83.0,82.0,83.5,,
11.5,42.0,56.5,52.5,40.0,43.0,37.0,84.0,79.0,84.5,,
11.0,43.0,56.0,54.0,39.0,43.0,36.0,85.0,78.0,86.0,,
11.0,45.0,56.0,55.0,38.5,45.0,36.0,86.5,78.0,87.0,,
12.0,46.0,57.0,56.0,39.5,46.0,36.5,88.0,78.5,88.0,,
13.5,47.5,59.0,57.0,42.0,48.0,39.0,89.0,81.5,89.5,,
18.0,48.0,62.0,57.5,45.5,48.0,42.0,89.5,84.5,90.0,,
22.0,48.0,65.5,58.0,48.5,48.0,46.0,90.0,88.0,90.0,,
26.0,48.0,69.0,58.0,52.5,48.0,49.0,90.0,92.0,90.0,3.0,82.0
30.0,46.5,73.0,56.0,56.0,47.0,53.0,88.0,96.0,90.0,8.0,80.0
33.0,45.0,76.0,55.0,59.0,46.0,57.0,87.0,100.0,88.0,12.0,79.0
37.5,43.5,80.0,53.0,64.0,44.0,61.5,85.5,104.0,87.0,17.0,77.0
40.5,42.0,82.5,50.5,66.0,43.0,63.0,84.0,107.5,84.5,20.0,75.0
42.0,40.0,85.0,49.0,69.0,41.0,65.0,82.0,109.5,83.0,21.0,73.0
43.0,38.0,86.0,48.0,70.0,39.0,66.0,81.0,111.0,81.5,23.0,71.0
43.5,37.5,86.0,47.0,70.0,39.0,67.0,80.0,111.0,81.0,23.0,71.0
43.0,37.0,86.0,47.0,70.0,38.5,66.0,79.5,110.5,80.5,23.0,71.0
41.0,38.0,83.0,48.0,68.0,39.0,65.0,80.0,109.0,81.0,21.0,71.0
40.0,40.0,82.0,49.0,66.0,41.0,63.0,82.0,107.0,83.0,20.0,73.0
37.0,43.0,80.5,52.0,64.0,43.0,60.5,85.0,105.0,86.0,17.0,76.0
35.0,46.0,78.0,55.5,62.0,46.0,58.5,88.0,102.0,89.0,14.0,79.5
34.0,50.0,76.0,59.0,60.0,50.0,56.5,91.5,100.0,93.5,12.0,83.5
32.0,54.0,74.5,63.5,58.0,54.0,55.0,96.0,98.5,97.5,10.5,88.0
32.0,58.0,74.0,67.0,56.5,58.0,54.0,100.0,97.5,101.5,9.0,93.0
32.0,62.0,73.5,71.0,56.0,62.0,54.0,104.0,97.0,105.5,9.0,97.0
32.0,65.0,74.0,74.0,33.0,125.0,54.0,107.0,97.5,109.5,9.5,100.5
33.5,68.0,75.0,77.0,57.0,68.0,55.0,111.0,98.0,112.5,11.0,103.0
35.0,70.0,76.5,78.5,58.0,69.5,56.0,112.0,99.5,114.5,12.0,105.0
37.0,70.0,77.5,79.5,60.0,70.0,57.5,113.5,101.5,115.5,13.5,105.5
38.0,70.0,78.5,79.5,61.0,70.0,58.5,113.5,102.5,115.5,15.5,105.5
39.0,70.0,80.5,79.5,62.0,70.0,61.0,113.0,105.0,116.0,17.5,105.5
41.0,70.0,82.5,78.5,64.0,70.0,62.5,112.5,107.5,115.5,19.5,104.5
42.0,68.0,83.0,77.0,65.0,68.0,64.0,111.0,109.0,114.0,21.0,102.0
42.5,65.5,84.5,75.0,66.0,66.0,64.5,108.5,109.5,111.0,22.0,100.0
43.0,63.0,85.0,72.0,50.5,94.0,65.5,105.5,110.5,108.0,22.5,97.0
43.0,60.0,85.0,69.0,68.0,60.0,66.0,102.0,111.0,104.0,22.5,93.5
42.0,57.0,84.5,65.5,50.5,91.0,65.5,98.5,110.0,101.0,22.0,90.0
42.0,53.5,84.5,62.5,66.0,54.0,64.0,95.0,109.0,97.5,21.0,87.0
41.0,51.0,83.0,60.0,66.0,51.5,63.0,92.0,108.0,94.0,20.0,84.0
40.0,48.0,82.0,58.0,65.0,49.0,62.0,91.0,106.5,91.5,19.5,82.0
39.5,46.5,81.0,56.0,65.0,47.0,62.0,89.0,106.0,90.0,19.0,80.0
38.0,45.5,81.0,55.0,65.0,46.0,61.0,88.0,105.0,89.0,18.0,79.0
38.0,45.5,80.5,54.5,64.5,46.5,61.0,87.5,105.5,88.5,17.0,78.0
38.0,46.0,81.0,55.0,65.0,46.0,61.0,88.0,105.5,88.5,18.0,79.0
40.0,46.0,82.0,55.0,65.0,47.0,62.5,88.5,106.0,89.0,19.0,79.0
41.0,47.0,83.0,56.0,67.0,48.0,63.5,89.0,108.0,90.0,21.0,80.0
44.0,48.0,86.5,57.5,70.0,49.0,66.5,90.0,112.0,92.0,24.0,81.0
46.0,49.0,89.0,58.0,71.0,50.0,69.0,91.0,115.0,93.0,26.5,82.0
50.0,50.0,92.5,58.5,76.0,50.0,73.0,92.0,119.0,93.0,30.0,82.0
53.0,50.0,95.0,59.0,78.0,51.0,75.0,92.0,123.0,94.0,34.0,82.0
56.0,50.0,99.0,58.0,81.0,50.0,78.0,92.0,126.0,94.0,37.0,82.0
59.0,49.0,102.0,58.0,84.0,50.0,81.0,91.0,,,39.5,81.5
60.0,49.0,104.0,57.0,86.0,49.0,83.0,90.0,,,41.0,80.0
61.0,47.0,105.0,55.0,88.0,47.0,84.0,89.0,,,42.0,79.0
62.0,45.0,105.0,54.0,88.0,47.0,85.0,87.0,,,43.5,77.5
61.0,44.0,105.0,52.0,87.0,45.0,84.0,85.5,,,42.0,76.0
59.5,42.5,103.0,51.0,86.0,43.0,81.5,84.5,,,40.0,74.0
56.0,42.0,99.5,50.5,83.0,42.0,79.0,84.0,126.0,85.0,37.0,74.0
52.0,41.0,95.0,50.0,79.0,42.0,75.0,83.0,121.5,84.5,33.0,74.0
47.5,41.0,90.0,50.5,74.0,42.0,70.0,83.5,115.5,84.5,27.0,74.0
42.0,42.0,84.0,52.0,68.5,42.5,64.5,84.5,109.5,85.5,21.0,75.0
37.0,44.0,79.5,53.5,64.0,44.0,60.0,86.0,104.0,87.0,16.0,77.0
32.0,46.0,74.0,55.0,58.0,46.5,55.0,88.0,98.0,88.0,9.5,79.5
27.0,49.0,70.5,58.0,54.0,49.0,51.0,91.0,94.0,91.0,5.0,83.0
24.5,51.5,67.0,61.0,50.0,52.0,48.0,94.0,90.0,94.0,1.0,86.0
22.0,54.0,64.5,63.5,48.0,54.0,45.0,96.0,88.0,96.0,,
21.0,57.0,64.0,65.5,46.5,56.0,44.0,99.0,86.0,99.0,,
21.0,59.0,63.5,67.5,46.0,58.0,43.0,100.0,86.0,101.0,,
21.0,60.0,64.0,68.0,47.0,59.0,44.0,102.0,86.5,101.5,,
23.0,60.0,65.0,69.0,40.5,92.5,45.0,102.0,88.0,102.0,,
25.0,60.0,67.0,68.5,50.0,59.0,47.0,102.0,90.0,102.0,0.0,95.0
27.0,58.5,69.5,67.5,52.0,58.0,49.0,100.0,92.0,101.0,3.5,93.0
29.0,56.0,71.5,65.5,55.0,56.0,52.0,98.0,95.0,99.0,6.5,90.5
32.0,53.0,74.5,62.5,57.5,53.5,55.0,96.0,98.0,96.0,10.0,87.5
34.0,49.5,76.5,59.5,60.0,50.0,57.0,92.0,100.5,93.0,12.5,83.5
36.0,46.0,78.5,55.0,62.0,46.0,59.0,88.0,102.5,88.5,15.0,79.0
38.0,41.5,80.0,51.0,64.5,42.0,61.0,84.0,105.0,84.0,16.5,74.5
38.0,36.5,81.5,46.5,65.0,37.0,62.0,79.0,106.0,80.0,17.5,70.0
38.0,32.0,81.5,42.5,65.0,33.0,62.0,75.0,106.0,75.0,18.0,66.0
38.0,29.0,81.5,38.5,66.0,30.0,62.0,72.0,106.0,72.0,17.5,62.5
37.0,27.0,80.0,37.0,65.0,27.0,61.0,70.0,105.0,70.0,17.0,60.0
36.0,25.0,79.0,35.0,64.0,26.0,60.0,69.0,104.0,69.0,16.0,58.5
35.0,25.0,78.0,35.0,63.5,26.0,59.0,69.0,102.5,69.0,15.0,59.0
33.0,26.0,77.0,37.0,62.0,27.0,58.0,70.0,101.0,70.0,13.0,60.0
33.5,28.5,76.0,39.0,61.0,29.0,57.5,72.0,101.0,72.0,13.0,62.0
33.0,32.0,76.0,42.0,61.0,33.0,58.0,75.0,100.5,75.0,12.0,66.0
33.0,36.0,77.0,46.0,61.0,36.5,57.5,78.5,101.0,79.0,13.0,69.0
34.0,40.0,77.5,49.5,62.0,40.0,58.0,82.0,102.0,83.0,13.5,73.0
36.5,43.5,79.0,53.0,63.0,44.0,59.5,85.5,103.0,87.0,15.5,77.0
38.5,47.0,81.0,56.0,64.5,47.5,62.0,89.0,106.0,90.0,18.0,80.0
40.0,50.0,82.5,58.5,65.0,50.0,63.0,91.0,107.0,93.0,20.0,83.0
42.0,51.0,84.0,60.0,67.0,52.0,64.0,93.5,109.0,95.0,21.0,84.5
43.0,52.5,86.0,61.0,69.0,53.5,66.0,94.5,111.0,96.0,23.0,85.5
45.0,53.0,87.0,62.0,70.0,54.0,67.0,95.0,112.5,97.5,24.5,86.0
46.0,53.0,88.0,62.0,70.0,54.0,68.0,95.0,113.0,97.0,25.0,85.5
46.0,52.0,88.0,61.0,70.0,53.0,68.0,94.0,113.0,95.0,25.0,85.0
44.0,50.0,86.5,59.5,70.0,51.5,67.0,92.0,112.0,94.0,25.0,83.0
42.0,48.0,85.0,57.5,68.5,49.5,65.0,90.0,110.5,92.0,22.0,81.0
40.0,47.0,82.0,56.0,66.0,47.0,63.0,88.0,107.0,90.0,20.0,79.0
37.0,44.0,79.5,53.5,63.0,45.0,60.0,86.0,104.0,87.0,16.0,77.5
32.0,42.0,75.0,52.0,59.0,43.0,55.0,84.0,99.0,85.0,11.0,76.0
28.0,41.0,71.0,51.0,55.0,41.0,52.0,83.0,94.0,84.0,6.0,74.5
22.0,40.0,66.0,51.0,50.0,40.0,47.0,82.0,89.0,83.0,1.0,74.0
17.5,39.5,62.0,50.0,45.5,39.5,43.0,82.5,85.5,82.0,,
13.0,40.0,58.0,50.5,41.0,40.0,38.0,82.0,81.0,82.0,,
10.0,41.0,56.0,51.0,38.0,41.0,36.0,83.0,78.0,83.0,,
7.5,42.0,54.0,53.0,37.0,42.0,34.0,84.0,76.5,84.5,,
7.0,44.0,53.0,54.0,36.0,43.5,33.0,86.0,76.0,86.0,,
8.0,46.0,53.5,55.5,37.0,45.0,34.0,88.0,76.0,87.0,,
10.0,47.0,55.0,57.0,38.0,47.0,35.0,89.0,77.5,88.5,,
12.0,48.0,57.0,58.0,39.0,48.0,37.0,90.5,79.0,89.5,,
16.0,49.0,60.0,58.0,43.5,48.5,41.0,91.0,83.0,91.0,,
20.5,49.0,64.0,58.0,47.0,49.0,44.5,91.0,86.5,91.0,,
24.0,48.0,67.5,57.5,50.5,48.5,48.0,90.0,90.5,91.0,1.0,82.0
29.0,47.5,71.0,57.0,54.5,48.0,52.0,90.0,94.5,90.0,6.0,81.0
32.0,46.0,75.0,55.5,58.5,46.0,55.0,88.0,98.5,89.0,11.0,79.0
36.0,44.0,78.5,54.0,62.0,45.0,58.0,86.0,103.0,87.0,15.0,78.0
38.5,42.5,81.0,52.0,65.0,44.0,62.0,85.0,106.0,86.0,18.0,76.0
40.5,40.5,82.5,50.5,66.5,42.0,63.0,83.0,107.0,84.0,20.0,74.5
41.0,40.0,83.5,49.5,67.5,40.5,64.0,82.0,108.0,83.0,21.0,73.0
41.0,39.0,83.0,49.0,67.5,40.0,64.0,81.5,108.0,82.0,21.0,72.0
41.0,39.0,83.0,49.0,67.0,40.0,63.5,82.0,107.5,82.5,20.0,73.0
39.5,40.5,82.0,50.0,66.0,41.0,63.0,83.0,106.0,83.5,19.0,74.0
37.5,43.0,80.5,52.0,64.0,43.0,60.5,85.0,105.0,86.0,17.0,76.0
35.5,45.5,78.0,55.5,62.0,46.0,58.5,87.5,102.0,89.0,14.0,79.0
34.0,49.0,76.5,58.5,59.5,50.0,56.5,91.5,100.0,92.0,12.0,83.0
32.5,53.5,74.5,62.5,58.0,54.0,55.0,95.0,98.0,96.0,10.0,87.5
31.5,57.5,74.0,66.0,44.5,91.0,53.5,99.5,97.0,101.0,9.0,91.5
31.0,61.0,73.0,70.0,56.0,61.0,53.0,103.0,96.5,104.5,8.0,96.0
32.0,65.0,73.5,73.5,44.5,94.5,53.0,107.0,96.5,108.5,8.5,99.5
32.0,68.0,74.0,77.0,56.0,68.0,54.0,111.0,97.0,112.0,9.0,103.0
34.0,70.0,75.0,78.5,57.0,70.0,54.5,112.5,98.5,114.5,11.0,106.0
38.0,125.0,76.0,79.0,32.0,125.0,56.0,113.0,100.0,116.0,12.5,106.0
38.0,125.0,,,32.0,125.0,,,,,,
38.0,125.0,,,32.0,125.0,,,,,,
38.0,125.0,,,32.5,125.0,,,,,,
42.0,70.0,82.5,79.5,64.5,70.0,63.0,113.0,108.0,116.0,20.0,105.5
43.0,68.0,84.0,78.0,66.0,69.0,64.0,112.0,109.5,114.5,21.5,103.0
43.0,66.0,85.0,75.5,67.5,66.5,65.0,109.0,110.5,112.5,23.0,101.0
44.0,64.0,86.0,73.0,68.0,64.0,66.5,105.5,111.0,109.0,23.0,97.5
44.0,60.0,86.0,69.5,68.0,61.0,66.5,102.0,111.0,105.5,23.0,93.5
43.5,57.5,86.0,66.0,68.0,58.0,66.0,99.5,110.5,101.5,23.0,91.0
42.5,54.0,84.5,63.5,68.0,55.0,65.0,96.0,110.0,98.0,21.5,87.5
42.0,51.0,83.0,60.5,67.0,52.0,64.0,93.0,108.5,95.0,21.0,85.0
40.5,49.0,82.5,58.5,66.0,50.0,63.0,91.0,107.0,93.0,20.0,82.5
40.0,48.0,82.0,57.0,66.0,48.0,62.5,90.0,107.0,91.0,20.0,81.0
40.0,47.0,82.0,56.0,65.0,47.0,62.0,89.0,106.0,90.0,19.0,80.0
40.0,47.0,82.0,56.0,66.0,47.0,62.0,89.0,106.0,90.0,19.0,80.0
40.0,47.0,82.5,56.5,66.0,47.0,63.0,89.0,107.0,90.0,19.0,80.0
41.0,47.0,83.0,57.0,67.0,48.0,64.0,89.5,108.0,91.0,21.0,81.0
43.0,48.0,86.0,57.5,70.0,49.0,66.0,90.0,111.0,92.0,23.5,81.5
46.0,50.0,88.5,58.0,71.5,50.0,69.0,91.0,114.0,93.0,26.0,82.0
49.0,50.0,92.0,59.0,74.0,50.0,71.5,91.5,118.0,94.0,30.0,83.0
53.0,50.0,95.0,59.0,78.0,51.0,75.0,92.0,122.0,94.0,33.0,83.0
56.0,50.0,98.0,59.0,81.0,51.0,78.0,92.0,125.5,94.5,36.0,82.0
58.5,50.5,101.5,58.5,84.0,51.0,81.0,92.0,,,39.0,82.0
60.0,49.0,104.0,58.0,86.0,50.0,83.0,91.0,,,41.5,81.5
62.5,48.5,105.5,56.5,88.0,49.0,85.0,90.0,,,43.0,80.0
63.0,47.0,107.0,55.0,89.5,47.0,86.0,89.0,,,44.5,78.5
63.0,45.0,107.0,53.0,89.0,46.0,86.0,87.0,,,44.5,76.5
63.0,43.0,106.0,52.0,89.0,44.5,85.0,85.0,,,43.5,75.5
60.0,42.0,103.5,50.5,86.0,43.0,83.0,84.0,,,41.5,74.5
57.0,41.0,100.0,50.0,83.0,42.0,80.0,83.0,126.5,84.5,38.0,74.0
53.0,40.0,96.0,50.0,79.0,42.0,75.5,82.5,122.0,84.0,33.5,73.5
48.0,41.0,90.0,50.0,73.0,42.0,70.0,83.0,116.0,84.0,27.5,74.0
42.0,42.0,85.0,52.0,69.0,42.5,65.0,84.0,109.5,85.5,21.0,75.0
37.0,43.5,79.5,53.5,64.0,44.0,60.0,86.0,104.0,87.0,16.0,77.0
32.0,46.0,74.5,55.5,58.0,46.0,55.0,88.0,98.0,89.0,10.0,79.0
28.0,49.0,70.5,58.0,54.0,49.0,51.0,91.0,94.0,91.5,5.5,83.0
24.5,51.5,67.5,61.0,50.0,52.0,48.0,93.5,90.5,94.0,1.0,86.0
22.5,54.0,65.5,63.5,48.0,54.0,46.0,96.0,88.5,96.5,,
22.0,57.0,64.5,65.5,40.5,90.5,44.5,98.0,87.0,98.5,,
22.0,58.0,65.0,67.0,40.0,91.5,45.0,100.0,87.0,100.0,,
23.0,59.0,65.0,68.0,48.0,58.0,45.0,101.0,87.5,101.5,,
24.0,59.0,66.5,67.5,49.0,59.0,46.5,101.0,89.0,102.0,0.0,94.0
26.0,58.0,68.5,67.5,51.0,58.0,49.0,100.0,91.0,101.0,2.0,93.0
28.0,57.0,70.5,65.5,54.0,57.0,51.0,99.0,93.5,99.5,5.0,91.5
31.0,54.0,72.5,63.5,56.0,54.5,53.5,96.5,96.5,97.5,8.5,88.5
33.0,51.0,75.5,60.5,58.5,51.5,56.0,93.5,99.0,94.0,11.0,85.0
35.0,47.5,77.0,57.0,61.0,48.0,58.0,89.5,102.0,90.0,14.0,81.0
37.0,43.0,79.0,53.0,63.0,44.0,60.0,85.0,104.0,86.0,16.0,76.0
38.0,38.5,81.0,48.0,65.0,39.0,62.0,81.0,106.0,82.0,17.5,71.5
39.0,34.0,82.0,44.0,66.0,35.0,62.0,76.0,106.0,77.0,18.0,67.0
38.0,29.5,81.0,40.0,67.0,30.0,62.0,73.0,106.0,72.5,19.0,63.0
38.0,27.0,81.0,37.0,66.0,27.5,62.0,70.0,106.0,70.0,18.0,60.0
37.0,24.0,80.0,34.0,65.5,25.0,61.0,68.0,105.0,68.0,17.0,58.0
36.0,23.0,79.0,33.0,64.0,24.0,60.0,67.0,103.0,67.0,16.0,56.5
34.0,23.0,78.0,34.0,63.0,24.0,59.0,67.0,102.0,67.0,14.0,57.0
34.0,25.0,76.5,36.0,62.0,27.0,58.0,69.0,101.0,69.0,13.0,59.0
33.5,28.5,76.0,39.0,61.0,29.0,57.0,71.0,101.0,71.0,12.0,62.0
33.0,31.5,76.0,42.0,61.0,33.0,57.0,75.0,100.0,75.0,12.0,65.0
33.5,36.0,76.0,46.0,61.0,36.0,57.0,78.5,100.5,78.5,12.0,69.5
34.5,40.0,77.5,49.5,62.0,41.0,58.0,82.0,102.0,83.0,13.0,73.0
37.0,44.0,79.0,53.5,63.0,44.0,60.0,86.0,103.0,87.0,15.0,77.0
38.0,47.0,81.0,56.0,64.0,48.0,62.0,89.0,106.0,90.0,18.0,80.0
40.0,49.0,82.5,58.5,66.0,50.0,62.0,91.0,107.0,93.0,20.0,83.0
42.0,51.0,84.0,60.0,67.0,52.0,64.0,93.0,109.0,95.0,21.0,84.5
43.0,52.0,85.5,61.0,69.0,52.0,66.0,94.0,111.0,96.0,23.0,85.0
44.0,52.0,86.5,61.5,70.0,53.5,67.0,94.0,112.0,96.0,24.0,86.0
45.0,52.0,87.0,61.0,70.0,53.0,67.5,94.0,112.0,96.0,24.5,85.0
45.0,51.0,87.0,60.0,70.0,52.0,67.0,93.0,112.0,95.0,25.0,84.0
43.0,49.0,86.0,58.0,69.0,50.0,66.0,91.0,111.0,93.0,23.0,82.0
41.0,47.0,83.0,57.0,67.0,48.0,64.0,89.0,109.0,91.0,21.0,80.5
39.0,45.0,82.0,54.5,65.0,45.5,62.0,87.0,106.0,88.0,18.0,78.5
35.0,44.0,77.0,53.0,61.0,44.0,58.0,85.0,101.5,86.0,14.0,76.0
30.0,41.0,73.0,51.0,57.0,42.5,54.0,84.0,97.0,84.0,9.0,75.0
25.0,40.0,69.0,50.0,52.5,40.0,49.0,82.5,92.0,83.0,3.0,74.0
20.0,39.0,64.0,50.0,48.0,40.0,45.0,82.0,87.5,82.5,,
15.0,39.0,60.0,50.0,43.0,40.0,41.0,82.0,83.0,82.0,,
11.0,40.0,56.5,50.5,38.5,40.0,37.0,82.0,79.0,82.0,,
9.0,41.0,54.0,52.0,38.0,41.0,34.0,83.0,77.0,84.0,,
6.0,43.0,53.0,54.0,35.0,42.0,33.0,85.0,75.5,85.0,,
5.5,44.5,52.5,54.5,35.0,44.0,31.5,86.0,75.0,86.0,,
7.5,46.0,54.0,56.0,36.0,45.0,33.0,88.0,75.5,87.5,,
10.0,47.0,55.0,57.0,38.0,47.0,35.0,89.0,77.0,89.0,,
13.0,48.0,57.0,58.0,40.0,48.0,37.0,90.0,79.0,90.0,,
16.5,49.0,60.5,58.5,44.0,49.0,40.5,90.5,83.0,91.0,,
21.0,49.0,65.0,58.0,48.0,48.5,44.5,90.5,87.0,91.5,,
25.0,48.0,68.0,57.0,52.0,48.0,48.5,90.0,91.0,91.0,3.0,82.0
29.5,47.5,72.0,57.0,56.0,47.0,53.0,89.0,95.0,90.0,7.0,81.0
33.0,46.0,75.0,55.0,59.0,46.0,56.0,87.5,99.0,88.0,11.5,79.0
37.0,44.0,78.5,53.5,62.5,45.0,59.5,86.0,103.0,87.0,15.0,77.0
39.0,42.0,81.0,52.0,65.0,43.0,62.0,84.5,106.0,86.0,19.0,76.0
40.5,40.5,83.0,50.5,67.0,42.0,63.5,83.0,107.0,84.0,20.0,74.5
41.0,40.0,83.0,50.0,67.5,40.5,64.0,82.0,108.0,83.0,21.0,73.0
41.0,39.0,83.0,49.0,67.5,40.0,64.0,82.0,107.5,82.5,21.0,73.0
40.0,40.0,83.0,49.0,67.0,40.5,63.0,82.0,107.0,83.0,20.0,73.0
39.0,41.0,82.0,51.0,65.0,42.0,62.5,83.0,106.0,84.5,18.0,74.5
37.0,44.0,79.5,53.5,63.0,44.0,60.0,85.5,104.0,87.0,16.0,77.0
35.0,47.0,77.0,56.0,61.0,48.0,57.5,88.5,101.0,90.0,13.5,80.0
32.0,54.5,74.5,63.5,57.5,54.5,54.5,96.5,97.5,97.5,9.5,88.5
33.5,50.5,75.5,59.5,59.0,51.0,56.0,92.0,99.0,93.0,11.0,84.0
