x,y,z
6,4,14.5
6,4,14.5
6,4,14.5
6,4,14.5
6.049999,4.169909,14.54667
6.099993,4.339272,14.59333
6.149978,4.507547,14.64
6.199947,4.674192,14.68666
6.249896,4.838673,14.73332
6.29982,5.000462,14.77998
6.349714,5.159038,14.82664
6.399573,5.313894,14.87329
6.449393,5.464532,14.91994
6.499167,5.610468,14.96658
6.548892,5.751235,15.01322
6.598561,5.886379,15.05985
6.648171,6.015468,15.10648
6.697716,6.138087,15.1531
6.74719,6.253841,15.19971
6.796591,6.362361,15.24631
6.845912,6.463296,15.29291
6.895148,6.556324,15.3395
6.944294,6.641146,15.38607
6.993347,6.717488,15.43264
7.0423,6.785107,15.4792
7.091148,6.843785,15.52575
7.139888,6.893333,15.57228
7.188513,6.933594,15.61881
7.23702,6.964437,15.66532
7.285403,6.985763,15.71181
7.333657,6.997504,15.7583
7.381778,6.999622,15.80477
7.429761,6.992111,15.85123
7.477601,6.974995,15.89767
7.525293,6.948327,15.94409
7.572833,6.912195,15.9905
7.620215,6.866714,16.0369
7.667436,6.812031,16.08327
7.714489,6.74832,16.12963
7.761371,6.675786,16.17597
7.808077,6.594662,16.22229
7.854602,6.505208,16.26859
7.900942,6.407712,16.31488
7.947092,6.302488,16.36114
7.993047,6.189871,16.40738
8.038802,6.070225,16.4536
8.084354,5.943932,16.4998
8.129698,5.811399,16.54598
8.174828,5.673051,16.59213
8.219741,5.529332,16.63827
8.264432,5.380703,16.68437
8.308896,5.227642,16.73046
8.353129,5.07064,16.77651
8.397128,4.910201,16.82255
8.440886,4.74684,16.86855
8.484401,4.581081,16.91453
8.527667,4.413457,16.96049
8.57068,4.244506,17.00641
8.613437,4.07477,17.05231
8.655931,3.904793,17.09818
8.69816,3.735122,17.14402
8.74012,3.566302,17.18984
8.781805,3.398874,17.23562
8.823213,3.233377,17.28137
8.864338,3.070338,17.32709
8.905176,2.910285,17.37278
8.945724,2.753731,17.41844
8.985977,2.601178,17.46406
9.025932,2.453115,17.50966
9.065584,2.310018,17.55522
9.10493,2.172346,17.60074
9.143966,2.040541,17.64623
9.182686,1.915026,17.69168
9.221088,1.796206,17.73711
9.259169,1.684459,17.78249
9.296924,1.580146,17.82784
9.334349,1.483602,17.87315
9.37144,1.395136,17.91842
9.408195,1.315031,17.96366
9.444608,1.243546,18.00885
9.480677,1.180911,18.05401
9.516397,1.127326,18.09913
9.551766,1.082962,18.14421
9.586781,1.047963,18.18924
9.621436,1.02244,18.23424
9.655729,1.006477,18.2792
9.689657,1.000123,18.32411
9.723216,1.0034,18.36898
9.756402,1.016296,18.41381
9.789213,1.038771,18.45859
9.821645,1.070752,18.50333
9.853695,1.112137,18.54803
9.885359,1.162793,18.59268
9.916635,1.222556,18.63728
9.947519,1.291237,18.68184
9.978008,1.368612,18.72635
10.0081,1.454436,18.77082
10.03779,1.54843,18.81524
10.06708,1.650296,18.85961
10.09596,1.759705,18.90393
10.12443,1.876306,18.94821
10.15249,1.999723,18.99243
10.18013,2.129563,19.0366
10.20736,2.265406,19.08073
10.23416,2.406819,19.1248
10.26054,2.553345,19.16882
10.2865,2.704517,19.21279
10.31202,2.859847,19.25671
10.33712,3.018838,19.30057
10.36178,3.180977,19.34438
10.386,3.345747,19.38814
10.40979,3.512615,19.43184
10.43314,3.68105,19.47549
10.45604,3.850507,19.51908
10.47849,4.020445,19.56262
10.5005,4.190318,19.6061
10.52206,4.359579,19.64952
10.54317,4.527686,19.69289
10.56382,4.694098,19.73619
10.58402,4.858284,19.77945
10.60375,5.019712,19.82264
10.62303,5.17787,19.86577
10.64185,5.332243,19.90884
10.6602,5.48234,19.95186
10.67808,5.627681,19.99481
10.6955,5.767796,20.0377
10.71244,5.902234,20.08053
10.72892,6.030566,20.1233
10.74492,6.152379,20.166
10.76045,6.267283,20.20865
10.7755,6.374908,20.25123
10.79008,6.474909,20.29374
10.80418,6.566965,20.33619
10.81779,6.650781,20.37858
10.83092,6.726087,20.4209
10.84358,6.792641,20.46315
10.85574,6.85023,20.50534
10.86742,6.89867,20.54746
10.87862,6.937803,20.58952
10.88932,6.967506,20.63151
10.89954,6.987683,20.67342
10.90927,6.998268,20.71527
10.9185,6.999228,20.75706
10.92725,6.99056,20.79877
10.9355,6.972291,20.84041
10.94326,6.94448,20.88198
10.95052,6.907218,20.92348
10.95729,6.860621,20.96491
10.96356,6.804842,21.00627
10.96934,6.740059,21.04755
10.97462,6.66648,21.08876
10.9794,6.584339,21.1299
10.98369,6.493903,21.17097
10.98748,6.39546,21.21196
10.99076,6.289328,21.25287
10.99355,6.175845,21.29372
10.99584,6.055378,21.33448
10.99763,5.928314,21.37517
10.99892,5.79506,21.41579
10.99971,5.65604,21.45632
11,5.511706,21.49678
10.99979,5.36252,21.53716
10.99908,5.20896,21.57747
10.99787,5.051516,21.61769
10.99616,4.890698,21.65784
10.99395,4.727022,21.6979
10.99124,4.561011,21.73789
10.98803,4.393198,21.7778
10.98433,4.224121,21.81762
10.98012,4.054328,21.85736
10.97542,3.88436,21.89703
10.97022,3.714764,21.93661
10.96452,3.546081,21.9761
10.95832,3.378857,22.01552
10.95163,3.213628,22.05485
10.94445,3.050923,22.0941
10.93677,2.891262,22.13326
10.9286,2.735163,22.17234
10.91993,2.583125,22.21133
10.91077,2.435635,22.25023
10.90112,2.293164,22.28905
10.89098,2.156173,22.32779
10.88035,2.025104,22.36644
10.86924,1.900374,22.40499
10.85763,1.782383,22.44347
10.84554,1.671513,22.48185
10.83297,1.568118,22.52015
10.81991,1.472529,22.55835
10.80638,1.385053,22.59647
10.79236,1.305973,22.63449
10.77786,1.235542,22.67243
10.76288,1.173985,22.71027
10.74743,1.121499,22.74803
10.7315,1.078255,22.78569
10.7151,1.04439,22.82326
10.69823,1.020013,22.86074
10.68089,1.005203,22.89812
10.66307,1.000008,22.93541
10.6448,1.004442,22.97261
10.62606,1.018493,23.00971
10.60685,1.042116,23.04672
10.58719,1.075235,23.08364
10.56707,1.117742,23.12045
10.54649,1.169502,23.15718
10.52545,1.230348,23.1938
10.50397,1.300087,23.23033
10.48203,1.378492,23.26677
10.45964,1.465313,23.3031
10.43681,1.56027,23.33934
10.41354,1.663062,23.37548
10.38982,1.773356,23.41152
10.36566,1.890796,23.44746
10.34107,2.015007,23.4833
10.31605,2.145592,23.51905
10.29059,2.282129,23.55469
10.2647,2.42418,23.59023
10.23839,2.57129,23.62567
10.21165,2.722989,23.66101
10.18449,2.878785,23.69625
10.15692,3.03818,23.73139
10.12892,3.200663,23.76642
10.10052,3.365715,23.80135
10.0717,3.5328,23.83617
10.04248,3.701385,23.8709
10.01285,3.870932,23.90552
9.982826,4.04089,23.94003
9.9524,4.210719,23.97444
9.921578,4.379869,24.00875
9.890366,4.5478,24.04294
9.858763,4.713973,24.07704
9.826774,4.877855,24.11102
9.794403,5.038918,24.1449
9.761652,5.196644,24.17867
9.728525,5.35053,24.21234
9.695025,5.500082,24.24589
9.661157,5.644817,24.27934
9.626922,5.784271,24.31268
9.592323,5.917997,24.34591
9.557365,6.04557,24.37903
9.522053,6.166572,24.41204
9.486387,6.280619,24.44495
9.450374,6.387345,24.47774
9.414015,6.486408,24.51042
9.377316,6.577486,24.54299
9.340277,6.660293,24.57544
9.302905,6.734559,24.60779
9.265203,6.800046,24.64002
9.227174,6.856544,24.67214
9.188822,6.903871,24.70415
9.150152,6.941877,24.73604
9.111167,6.970438,24.76782
9.07187,6.989464,24.79949
9.032267,6.998893,24.83104
8.99236,6.998694,24.86248
8.952154,6.98887,24.8938
8.911653,6.969449,24.925
8.87086,6.940497,24.95609
8.829781,6.902104,24.98707
8.788418,6.854396,25.01793
8.746777,6.797523,25.04867
8.70486,6.731669,25.07929
8.662674,6.657048,25.1098
8.62022,6.573895,25.14018
8.577506,6.482481,25.17045
8.534533,6.383095,25.20061
8.491307,6.276062,25.23064
8.447831,6.161719,25.26055
8.404113,6.040439,25.29034
8.360151,5.912606,25.32002
8.315956,5.778638,25.34957
8.271527,5.638955,25.37901
8.226872,5.494013,25.40832
8.181994,5.344272,25.43751
8.136899,5.190221,25.46658
8.091588,5.032344,25.49553
8.04607,4.871153,25.52435
8.000346,4.707168,25.55305
7.954423,4.54091,25.58163
7.908304,4.372921,25.61009
7.861994,4.203729,25.63842
7.815498,4.033886,25.66663
7.768821,3.863931,25.69472
7.721966,3.694419,25.72268
7.67494,3.525883,25.75052
7.627746,3.358871,25.77823
7.580389,3.193914,25.80581
7.532874,3.031551,25.83327
7.485206,2.872291,25.86061
7.437388,2.716652,25.88782
7.389429,2.565137,25.9149
7.341329,2.41822,25.94185
7.293096,2.276389,25.96868
7.244732,2.140087,25.99538
7.196246,2.00976,26.02196
7.147638,1.885819,26.0484
7.098918,1.768668,26.07472
7.050085,1.658677,26.1009
7.00115,1.556205,26.12696
6.952112,1.461571,26.15289
6.902981,1.375094,26.17869
6.853758,1.29704,26.20436
6.804451,1.227665,26.2299
6.755062,1.167189,26.25532
6.705598,1.115806,26.2806
6.656065,1.073684,26.30574
6.606464,1.040955,26.33076
6.556805,1.017725,26.35565
6.507088,1.004069,26.3804
6.457322,1.000031,26.40502
6.407509,1.005624,26.42951
6.357656,1.020829,26.45387
6.307766,1.045599,26.4781
6.257848,1.079852,26.50219
6.207901,1.12348,26.52614
6.157936,1.176343,26.54997
6.107953,1.238271,26.57366
6.05796,1.309065,26.59722
6.007962,1.388494,26.62064
5.957962,1.476311,26.64392
5.907967,1.572226,26.66708
5.857981,1.675937,26.6901
5.808009,1.787106,26.71298
5.758056,1.905383,26.73572
5.708128,2.030384,26.75833
5.658228,2.161708,26.78081
5.608364,2.298929,26.80314
5.558537,2.441615,26.82535
5.508756,2.5893,26.84741
5.459023,2.741518,26.86934
5.409345,2.89777,26.89112
5.359725,3.057567,26.91278
5.310168,3.220389,26.93429
5.260683,3.385714,26.95567
5.211269,3.553011,26.9769
5.161937,3.721737,26.998
5.112686,3.891362,27.01896
5.063526,4.06133,27.03978
5.014457,4.231108,27.06046
4.965489,4.400137,27.08101
4.916623,4.567888,27.10141
4.867867,4.733815,27.12167
4.819221,4.897387,27.14179
4.770697,5.058072,27.16177
4.722293,5.215366,27.18161
4.674019,5.368754,27.20131
4.625875,5.517752,27.22087
4.577869,5.661878,27.24029
4.530007,5.800664,27.25956
4.48229,5.933679,27.2787
4.434727,6.060477,27.29769
4.387318,6.180665,27.31654
4.340073,6.293848,27.33524
4.292991,6.399672,27.35381
4.246083,6.497787,27.37223
4.199347,6.587889,27.39051
4.152794,6.669679,27.40864
4.106423,6.742905,27.42664
4.060245,6.80732,27.44448
4.014257,6.862724,27.46219
3.96847,6.908939,27.47975
3.922885,6.945814,27.49717
3.877508,6.973233,27.51444
3.832344,6.991107,27.53156
3.787396,6.999379,27.54855
3.74267,6.998022,27.56539
3.698169,6.987041,27.58208
3.653898,6.96647,27.59863
3.609862,6.936377,27.61503
3.566065,6.896857,27.63128
3.522512,6.848037,27.64739
3.479206,6.790076,27.66335
3.436152,6.723155,27.67917
3.393355,6.647493,27.69484
3.350818,6.563332,27.71037
3.308545,6.470941,27.72575
3.266543,6.370621,27.74098
3.224813,6.262688,27.75606
3.183362,6.147494,27.771
3.142191,6.025403,27.78579
3.101308,5.896813,27.80043
3.060713,5.762131,27.81492
3.020413,5.621791,27.82927
2.98041,5.476245,27.84346
2.94071,5.325964,27.85751
2.901314,5.171422,27.87141
2.86223,5.013125,27.88516
2.823458,4.85157,27.89877
2.785005,4.687281,27.91222
2.746873,4.520791,27.92553
2.709066,4.352624,27.93868
2.671589,4.183325,27.95169
2.634444,4.013437,27.96455
2.597636,3.843512,27.97726
2.561168,3.674083,27.98981
2.525044,3.505707,28.00222
2.489267,3.338912,28.01448
2.453842,3.174244,28.02659
2.418771,3.012222,28.03855
2.384058,2.85337,28.05035
2.349707,2.6982,28.06201
2.315721,2.547215,28.07352
2.282103,2.400887,28.08487
2.248857,2.259694,28.09608
2.215986,2.124092,28.10713
2.183493,1.994508,28.11803
2.151383,1.871365,28.12878
2.119656,1.755049,28.13938
2.088319,1.645947,28.14983
2.057372,1.544399,28.16013
2.02682,1.450736,28.17027
1.996664,1.365255,28.18027
1.96691,1.288234,28.19011
1.937558,1.219917,28.19979
1.908613,1.160526,28.20933
1.880077,1.110247,28.21871
1.851953,1.069248,28.22794
1.824243,1.037656,28.23702
1.796952,1.015575,28.24595
1.77008,1.003074,28.25472
1.743632,1.000195,28.26334
1.717609,1.006945,28.27181
1.692015,1.023304,28.28013
1.66685,1.049219,28.28829
1.642121,1.084607,28.2963
1.617825,1.129353,28.30415
1.593969,1.183315,28.31185
1.570553,1.246318,28.3194
1.54758,1.318164,28.3268
1.525052,1.398616,28.33404
1.502972,1.487421,28.34113
1.481341,1.584293,28.34806
1.460163,1.68892,28.35484
1.439438,1.800967,28.36147
1.41917,1.920069,28.36794
1.399359,2.045852,28.37425
1.380009,2.177904,28.38042
1.36112,2.31581,28.38643
1.342696,2.459118,28.39228
1.324737,2.607378,28.39798
1.307245,2.760108,28.40353
1.290223,2.916818,28.40892
1.273672,3.077,28.41416
1.257593,3.240151,28.41924
1.241989,3.405736,28.42417
1.226861,3.573234,28.42894
1.212209,3.742102,28.43356
1.198037,3.911792,28.43802
1.184345,4.081771,28.44233
1.171134,4.251488,28.44649
1.158406,4.420397,28.45049
1.146163,4.587951,28.45433
1.134405,4.753623,28.45802
1.123133,4.916871,28.46155
1.112349,5.07718,28.46493
1.102054,5.234026,28.46815
1.092248,5.386916,28.47122
1.082934,5.535354,28.47413
1.074111,5.678862,28.47689
1.065781,5.816977,28.47949
1.057943,5.949262,28.48194
1.050601,6.07529,28.48423
1.043753,6.194652,28.48637
1.0374,6.306973,28.48835
1.031545,6.411883,28.49018
1.026186,6.509058,28.49185
1.021324,6.598171,28.49336
1.01696,6.678947,28.49472
1.013095,6.75112,28.49592
1.009728,6.814464,28.49697
1.00686,6.868771,28.49787
1.004491,6.913869,28.4986
1.002622,6.949613,28.49918
1.001253,6.975889,28.49961
1.000384,6.992611,28.49988
1.000014,6.999725,28.5
1.000145,6.99721,28.49995
1.000775,6.985073,28.49976
1.001906,6.963353,28.49941
1.003536,6.932121,28.4989
1.005666,6.891474,28.49824
1.008296,6.841546,28.49742
1.011424,6.782495,28.49644
1.015051,6.714513,28.49532
1.019177,6.637818,28.49403
1.023801,6.552649,28.49259
1.028923,6.459291,28.49099
1.034541,6.358039,28.48924
1.040657,6.249209,28.48734
1.047268,6.133167,28.48527
1.054374,6.010273,28.48306
1.061975,5.880929,28.48068
1.07007,5.745537,28.47816
1.078657,5.604552,28.47547
1.087737,5.458416,28.47263
1.097308,5.307598,28.46964
1.10737,5.152572,28.46649
1.11792,4.993856,28.46318
1.128959,4.831944,28.45972
1.140485,4.667367,28.45611
1.152497,4.500637,28.45234
1.164993,4.332311,28.44842
1.177974,4.162918,28.44434
1.191436,3.99299,28.4401
1.205379,3.823097,28.43571
1.219802,3.653771,28.43117
1.234703,3.485551,28.42647
1.25008,3.318977,28.42161
1.265932,3.154601,28.4166
1.282257,2.992938,28.41144
1.299055,2.834508,28.40612
1.316322,2.679809,28.40065
1.334058,2.529359,28.39502
1.35226,2.38363,28.38924
1.370927,2.243084,28.38331
1.390058,2.108175,28.37722
1.409648,1.979348,28.37097
1.429698,1.857007,28.36458
1.450206,1.741538,28.35802
1.471168,1.633327,28.35132
1.492582,1.532713,28.34446
1.514448,1.440019,28.33744
1.536763,1.355538,28.33027
1.559523,1.27955,28.32295
1.582727,1.212297,28.31548
1.606373,1.153993,28.30785
1.63046,1.104822,28.30007
1.654983,1.064948,28.29213
1.679939,1.034497,28.28404
1.705327,1.013564,28.2758
1.731148,1.002218,28.26741
1.757393,1.000497,28.25886
1.784062,1.008405,28.25016
1.811155,1.025917,28.24131
1.838665,1.052976,28.2323
1.86659,1.089495,28.22314
1.894929,1.135357,28.21383
1.923681,1.190419,28.20437
1.952839,1.254496,28.19475
1.9824,1.327389,28.18498
2.012364,1.40886,28.17506
2.042729,1.498655,28.16499
2.073487,1.596473,28.15477
2.104638,1.702008,28.14439
2.136178,1.814918,28.13387
2.168108,1.934852,28.12319
2.200417,2.061407,28.11236
2.233107,2.19419,28.10138
2.266175,2.33277,28.09024
2.299616,2.476702,28.07896
2.333426,2.62552,28.06753
2.367602,2.77875,28.05594
2.402143,2.93591,28.04421
2.437044,3.096477,28.03232
2.4723,3.259943,28.02028
2.507908,3.425791,28.0081
2.543868,3.593482,27.99576
2.580173,3.762479,27.98327
2.616818,3.932232,27.97064
2.653803,4.102214,27.95785
2.691121,4.271857,27.94492
2.728772,4.440627,27.93183
2.766748,4.607982,27.9186
2.805049,4.773397,27.90521
2.843668,4.936318,27.89168
2.882605,5.096239,27.878
2.921851,5.252635,27.86417
2.961407,5.40502,27.85019
3.001265,5.552884,27.83607
3.041425,5.695768,27.82179
3.081878,5.8332,27.80737
3.122625,5.964764,27.7928
3.163658,6.090003,27.77808
3.204977,6.208541,27.76321
3.246575,6.31999,27.7482
3.288447,6.42399,27.73304
3.33059,6.520202,27.71773
3.373002,6.60833,27.70228
3.415676,6.68809,27.68668
3.458607,6.75921,27.67093
3.501791,6.821477,27.65504
3.545228,6.874683,27.639
3.588911,6.918667,27.62281
3.632832,6.953276,27.60648
3.67699,6.978406,27.59
3.721382,6.993975,27.57338
3.766003,6.999932,27.55661
3.810844,6.996259,27.5397
3.855905,6.982967,27.52264
3.901184,6.960097,27.50544
3.946669,6.927728,27.48809
3.992359,6.885958,27.4706
4.038249,6.834926,27.45296
4.084341,6.774786,27.43518
4.13062,6.705742,27.41726
4.177085,6.628017,27.39919
4.223732,6.541851,27.38098
4.270563,6.447525,27.36263
4.317561,6.34534,27.34413
4.364727,6.235635,27.32549
4.412057,6.118745,27.30671
4.459551,5.995053,27.28779
4.507194,5.864956,27.26872
4.554986,5.728872,27.24951
4.602927,5.587238,27.23016
4.651003,5.440509,27.21067
4.699215,5.289165,27.19104
4.747556,5.133673,27.17127
4.796027,4.974541,27.15135
4.844615,4.81228,27.1313
4.893317,4.647412,27.1111
4.94213,4.480477,27.09077
4.991054,4.311976,27.07029
5.040073,4.142498,27.04968
5.08919,3.97255,27.02892
5.138396,3.802701,27.00803
5.187694,3.633463,26.987
5.237068,3.465425,26.96583
5.286519,3.299091,26.94452
5.336046,3.134997,26.92307
5.385634,2.973701,26.90149
5.435284,2.815689,26.87976
5.48499,2.66149,26.8579
5.534752,2.511567,26.8359
5.584557,2.366442,26.81377
5.634403,2.226552,26.7915
5.684285,2.092355,26.76909
5.734204,1.964282,26.74654
5.784144,1.842744,26.72386
5.834106,1.728139,26.70104
5.884088,1.620813,26.67809
5.93408,1.521139,26.655
5.984077,1.429416,26.63178
6.034075,1.34595,26.60842
6.084073,1.270994,26.58493
6.134062,1.204805,26.5613
6.184035,1.147592,26.53754
6.23399,1.099533,26.51365
6.283924,1.060785,26.48962
6.333829,1.031473,26.46546
6.383699,1.011692,26.44117
6.43353,1.001502,26.41674
6.483321,1.000939,26.39218
6.533062,1.010004,26.36749
6.582749,1.028667,26.34267
6.632379,1.05687,26.31771
6.681944,1.094521,26.29263
6.731443,1.141496,26.26741
6.780867,1.19765,26.24206
6.830215,1.262801,26.21658
6.879477,1.33674,26.19098
6.928653,1.419228,26.16524
6.977735,1.509995,26.13937
7.026721,1.608769,26.11337
7.075602,1.715205,26.08724
7.124378,1.828983,26.06099
7.173039,1.949723,26.03461
7.221585,2.077061,26.00809
7.270007,2.210555,25.98145
7.318304,2.349802,25.95469
7.366469,2.494348,25.92779
7.414495,2.643726,25.90077
7.46238,2.797459,25.87362
7.510121,2.955042,25.84635
7.557711,3.116,25.81895
7.605143,3.279775,25.79142
7.652414,3.445873,25.76377
7.699522,3.61375,25.73599
7.74646,3.782867,25.70809
7.793222,3.952681,25.68007
7.839804,4.122635,25.65192
7.886205,4.292207,25.62364
7.932416,4.460842,25.59524
7.978432,4.627996,25.56672
8.024251,4.793124,25.53808
8.069871,4.955727,25.50931
8.11528,5.115241,25.48042
8.160478,5.271184,25.45141
8.20546,5.423048,25.42228
8.250225,5.570343,25.39302
8.294761,5.712595,25.36365
8.339067,5.849342,25.33415
8.38314,5.980161,25.30454
8.426978,6.104623,25.2748
8.47057,6.222328,25.24494
8.513914,6.332899,25.21497
8.557008,6.435974,25.18488
8.599849,6.531241,25.15466
8.642426,6.618371,25.12433
8.684739,6.697101,25.09388
8.726789,6.767172,25.06331
8.76856,6.82836,25.03263
8.810056,6.880465,25.00182
8.85127,6.923326,24.97091
8.892203,6.956804,24.93987
8.932843,6.980786,24.90872
8.973189,6.995201,24.87745
9.013239,7,24.84607
9.052991,6.995168,24.81458
9.092434,6.980722,24.78296
9.131567,6.956707,24.75124
9.170389,6.923199,24.7194
9.208895,6.880307,24.68745
9.247077,6.828168,24.65538
9.284935,6.766954,24.6232
9.322466,6.696848,24.59091
9.359665,6.618095,24.55851
9.396525,6.530932,24.52599
9.433047,6.43565,24.49336
9.469227,6.332536,24.46062
9.50506,6.221941,24.42778
9.540541,6.10422,24.39482
9.575667,5.979736,24.36175
9.610438,5.848897,24.32857
9.644848,5.712122,24.29528
9.678892,5.569861,24.26189
9.712569,5.42254,24.22838
9.745873,5.270673,24.19477
9.778805,5.114716,24.16105
9.811357,4.95518,24.12722
9.84353,4.792579,24.09328
9.875317,4.627432,24.05924
9.906717,4.460283,24.0251
9.937725,4.291645,23.99084
9.968342,4.122071,23.95648
9.998559,3.952104,23.92202
10.02838,3.782292,23.88745
10.05779,3.61319,23.85278
10.08681,3.445307,23.818
10.11541,3.279227,23.78312
10.1436,3.115449,23.74814
10.17137,2.954512,23.71305
10.19873,2.796931,23.67786
10.22567,2.643222,23.64257
10.25218,2.493859,23.60718
10.27828,2.349321,23.57168
10.30394,2.210101,23.53609
10.32917,2.076618,23.50039
10.35397,1.949318,23.4646
10.37834,1.828585,23.4287
10.40226,1.714839,23.39271
10.42575,1.60842,23.35662
10.44879,1.50968,23.32043
10.47139,1.418934,23.28414
10.49354,1.336474,23.24775
10.51524,1.26257,23.21127
10.5365,1.197445,23.17469
10.55729,1.141324,23.13801
10.57763,1.094377,23.10124
10.59752,1.05676,23.06437
10.61694,1.028588,23.0274
10.6359,1.009957,22.99035
10.6544,1.000925,22.95319
10.67243,1.00152,22.91595
10.69,1.011741,22.87861
10.7071,1.031556,22.84117
10.72372,1.060898,22.80365
10.73988,1.099677,22.76603
10.75556,1.147768,22.72832
10.77076,1.205014,22.69052
10.78549,1.271234,22.65263
10.79974,1.346214,22.61464
10.81351,1.429713,22.57657
10.82679,1.521457,22.53841
10.8396,1.621164,22.50016
10.85192,1.728508,22.46181
10.86376,1.843145,22.42339
10.8751,1.964705,22.38487
10.88597,2.092791,22.34626
10.89634,2.227017,22.30757
10.90622,2.366916,22.26879
10.91562,2.512067,22.22993
10.92452,2.661996,22.19097
10.93293,2.816219,22.15194
10.94084,2.974232,22.11282
10.94826,3.135549,22.07361
10.95519,3.299641,22.03432
10.96162,3.465981,21.99495
10.96756,3.634036,21.95549
10.97299,3.803254,21.91595
10.97793,3.973126,21.87632
10.98238,4.143062,21.83662
10.98632,4.31255,21.79683
10.98977,4.481035,21.75697
10.99272,4.647975,21.71702
10.99516,4.812835,21.67699
10.99711,4.975075,21.63688
10.99856,5.134206,21.59669
10.99951,5.289675,21.55643
10.99996,5.441015,21.51608
10.99991,5.587718,21.47566
10.99936,5.729343,21.43516
10.99831,5.865399,21.39458
10.99676,5.995475,21.35393
10.99471,6.119144,21.3132
10.99216,6.236012,21.27239
10.98911,6.3457,21.23152
10.98556,6.447851,21.19056
10.98151,6.542151,21.14953
10.97697,6.62829,21.10842
10.97193,6.705991,21.06725
10.96639,6.775005,21.026
10.96035,6.835111,20.98467
10.95382,6.886115,20.94328
10.94679,6.927851,20.90182
10.93927,6.960191,20.86028
10.93125,6.983027,20.81867
10.92274,6.996287,20.77699
10.91374,6.999928,20.73524
10.90425,6.993939,20.69343
10.89426,6.978337,20.65154
10.88379,6.953176,20.60958
10.87283,6.918534,20.56756
10.86138,6.874525,20.52547
10.84945,6.821281,20.48331
10.83703,6.758988,20.44109
10.82413,6.687834,20.39881
10.81074,6.608051,20.35645
10.79687,6.519896,20.31403
10.78253,6.42365,20.27154
10.7677,6.319631,20.229
10.7524,6.208151,20.18638
10.73662,6.089598,20.14371
10.72037,5.964328,20.10097
10.70365,5.832761,20.05817
10.68646,5.695292,20.01531
10.6688,5.552391,19.97238
10.65067,5.404515,19.9294
10.63208,5.252121,19.88636
10.61302,5.095707,19.84325
10.5935,4.935776,19.80009
10.57353,4.772851,19.75686
10.55309,4.607423,19.71358
10.5322,4.440068,19.67024
10.51086,4.271288,19.62685
10.48906,4.101638,19.5834
10.46682,3.931661,19.53988
10.44413,3.761904,19.49632
10.421,3.592923,19.4527
10.39742,3.425237,19.40902
10.37341,3.259396,19.36529
10.34895,3.095932,19.32151
10.32406,2.935371,19.27767
10.29874,2.778239,19.23378
10.27299,2.625007,19.18983
10.24681,2.476211,19.14584
10.22021,2.332295,19.10179
10.19319,2.193734,19.05769
10.16574,2.060971,19.01354
10.13788,1.934442,18.96934
10.10961,1.814535,18.92509
10.08092,1.701637,18.88079
10.05183,1.596132,18.83644
10.02233,1.498337,18.79205
9.992433,1.408578,18.7476
9.962132,1.327128,18.70311
9.931438,1.254268,18.65858
9.900349,1.190218,18.61399
9.868869,1.135189,18.56936
9.837002,1.089356,18.52469
9.804754,1.052868,18.47997
9.772123,1.025842,18.43521
9.739116,1.008362,18.3904
9.705733,1.000487,18.34555
9.671984,1.002241,18.30066
9.637864,1.013617,18.25572
9.60338,1.034583,18.21074
9.568537,1.065068,18.16573
9.53334,1.104971,18.12067
9.497785,1.154172,18.07557
9.461882,1.212508,18.03043
9.425631,1.279793,17.98525
9.389042,1.355805,17.94004
9.352106,1.440317,17.89478
9.314843,1.533035,17.84949
9.277245,1.633678,17.80416
9.239323,1.741917,17.75879
9.201069,1.857406,17.71339
9.162502,1.979774,17.66795
9.123616,2.108618,17.62248
9.084421,2.243542,17.57697
9.04491,2.384106,17.53142
9.005102,2.529857,17.48585
8.964991,2.680327,17.44024
8.924585,2.835024,17.3946
8.883881,2.993481,17.34892
8.842895,3.155149,17.30322
8.80162,3.319539,17.25748
8.760067,3.486114,17.21171
8.718237,3.654338,17.16591
8.676139,3.823661,17.12008
8.633769,3.993561,17.07423
8.591136,4.163482,17.02834
8.548244,4.332878,16.98243
8.505102,4.501206,16.93649
8.461704,4.667913,16.89053
8.418061,4.832499,16.84453
8.374176,4.994389,16.79851
8.330057,5.153099,16.75246
8.285702,5.308106,16.70639
8.241117,5.458915,16.66029
8.196309,5.605039,16.61417
8.151285,5.746002,16.56803
8.106042,5.881378,16.52187
8.060588,6.010696,16.47568
8.014928,6.133568,16.42947
7.969071,6.249584,16.38323
7.923013,6.358392,16.33698
7.876762,6.459615,16.29071
7.830324,6.552949,16.24442
7.783708,6.638087,16.1981
7.736908,6.714756,16.15177
7.689934,6.78271,16.10542
7.642792,6.841727,16.05905
7.59549,6.891625,16.01267
7.548024,6.93224,15.96627
7.500403,6.963442,15.91985
7.452632,6.98513,15.87341
7.404716,6.997235,15.82697
7.356663,6.999717,15.7805
7.308471,6.992571,15.73402
7.260148,6.975817,15.68753
7.211699,6.94951,15.64103
7.163133,6.913733,15.59451
7.114446,6.868607,15.54798
7.065648,6.814268,15.50144
7.016743,6.75089,15.45489
6.967741,6.67869,15.40832
6.918638,6.597886,15.36175
6.869443,6.508741,15.31516
6.820161,6.411543,15.26857
6.770802,6.306611,15.22197
6.72136,6.194266,15.17537
6.671847,6.074878,15.12875
6.622266,5.948828,15.08213
6.572628,5.816522,15.0355
6.522929,5.678394,14.98886
6.473176,5.534858,14.94222
6.423377,5.386415,14.89558
6.373539,5.233511,14.84893
6.32366,5.076658,14.80227
6.273749,4.916327,14.75561
6.22381,4.753066,14.70895
6.173853,4.587397,14.66229
6.123869,4.419821,14.61562
6.073883,4.250919,14.56896
6.023885,4.081201,14.5223
5.973888,3.911233,14.47563
5.923885,3.741528,14.42896
5.873899,3.572675,14.38229
5.823921,3.405182,14.33563
5.773965,3.239599,14.28897
5.724023,3.076457,14.24231
5.674118,2.91628,14.19565
5.624239,2.759593,14.149
5.574404,2.606877,14.10235
5.524602,2.458633,14.0557
5.474857,2.315338,14.00906
5.425159,2.177451,13.96243
5.375519,2.045415,13.9158
5.325942,1.919654,13.86917
5.276436,1.800579,13.82256
5.226998,1.688557,13.77595
5.177638,1.583955,13.72935
5.128364,1.487116,13.68276
5.079168,1.398331,13.63618
5.030074,1.317905,13.5896
4.981072,1.24609,13.54304
4.932172,1.183119,13.49649
4.883383,1.129187,13.44995
4.834702,1.084474,13.40342
4.786141,1.049117,13.3569
4.737692,1.023232,13.31039
4.689375,1.006906,13.26391
4.641193,1.000188,13.21743
4.593143,1.0031,13.17096
4.545233,1.015634,13.12452
4.497473,1.037746,13.07808
4.449859,1.069369,13.03167
4.402404,1.110397,12.98527
4.3551,1.160712,12.93888
4.307965,1.220131,12.89251
4.261004,1.288479,12.84616
4.214212,1.365531,12.79983
4.167599,1.451034,12.75352
4.121173,1.544726,12.70723
4.074931,1.646294,12.66096
4.028877,1.755439,12.6147
3.983029,1.871768,12.56847
3.937379,1.994936,12.52227
3.891938,2.124533,12.47608
3.846705,2.260159,12.42991
3.801686,2.40137,12.38377
3.756892,2.547704,12.33765
3.712318,2.698709,12.29156
3.667968,2.853903,12.24548
3.62386,3.012766,12.19944
3.579986,3.174787,12.15342
3.536357,3.339468,12.10743
3.492971,3.50627,12.06146
3.449836,3.674645,12.01552
3.406959,3.844076,11.96961
3.364334,4.014019,11.92372
3.321976,4.183906,11.87787
3.279891,4.353191,11.83204
3.238073,4.521353,11.78625
3.196535,4.687831,11.74048
3.155274,4.852112,11.69475
3.114297,5.013657,11.64904
3.073612,5.171937,11.60337
3.033213,5.326487,11.55773
2.993114,5.476747,11.51212
2.95332,5.622276,11.46654
2.913826,5.762589,11.42101
2.874645,5.897252,11.3755
2.835773,6.025824,11.33003
2.797217,6.147885,11.28459
2.758981,6.263066,11.23919
2.72107,6.370975,11.19382
2.683486,6.471271,11.14849
2.646238,6.563628,11.1032
2.609321,6.647762,11.05795
2.572747,6.72339,11.01274
2.536512,6.790281,10.96756
2.500624,6.848215,10.92242
2.465086,6.897007,10.87732
2.4299,6.936495,10.83227
2.395072,6.966556,10.78725
2.360608,6.987094,10.74227
2.326505,6.998042,10.69734
2.292772,6.999367,10.65245
2.259406,6.991063,10.6076
2.226411,6.973155,10.5628
2.1938,6.945705,10.51804
2.161567,6.908798,10.47332
2.129718,6.862552,10.42865
2.098258,6.80712,10.38402
2.067186,6.742673,10.33944
2.03651,6.669427,10.29491
2.006227,6.587605,10.25042
1.976341,6.497471,10.20597
1.946863,6.399325,10.16158
1.917787,6.293476,10.11724
1.88912,6.180273,10.07294
1.860866,6.060062,10.02869
1.833024,5.933247,9.984497
1.805601,5.800217,9.94035
1.778592,5.661398,9.896246
1.752008,5.517255,9.852203
1.725851,5.368251,9.80821
1.700119,5.214844,9.764268
1.674817,5.057538,9.720379
1.64995,4.896847,9.676542
1.625516,4.733267,9.632763
1.601521,4.567344,9.589035
1.577962,4.399566,9.545355
1.554847,4.230538,9.501739
1.532179,4.06076,9.458176
1.509956,3.890786,9.414668
1.488181,3.721174,9.371218
1.46686,3.552446,9.327824
1.44599,3.385166,9.284491
1.425573,3.219827,9.241206
1.405618,3.057025,9.197987
1.38612,2.897239,9.154828
1.367086,2.741004,9.111726
1.348513,2.588801,9.068685
1.330405,2.441128,9.025703
1.312766,2.298468,8.982782
1.295594,2.161261,8.939926
1.27889,2.029949,8.897122
1.262662,1.90497,8.854387
1.246907,1.786725,8.811718
1.231627,1.675576,8.769109
1.216824,1.57189,8.726563
1.202498,1.476005,8.684081
1.188654,1.388216,8.641665
1.175288,1.308807,8.59931
1.162407,1.238044,8.557024
1.150009,1.17615,8.514803
1.138096,1.123318,8.472652
1.12667,1.079723,8.430566
1.115731,1.045501,8.388546
1.105279,1.020763,8.346595
1.095319,1.00559,8.304712
1.085846,1.000029,8.262895
1.076867,1.004099,8.22115
1.06838,1.017787,8.179475
1.060385,1.041048,8.137873
1.052886,1.073808,8.096338
1.04588,1.115963,8.054876
1.03937,1.167373,8.013484
1.033356,1.227884,7.972162
1.027838,1.29729,7.930915
1.022818,1.375373,7.889741
1.018296,1.461876,7.848641
1.014271,1.556532,7.807617
1.010746,1.659026,7.766665
1.007719,1.769042,7.725788
1.005192,1.88622,7.684986
1.003163,2.010192,7.644257
1.001635,2.140544,7.603606
1.000606,2.276856,7.563033
1.000078,2.418709,7.522536
1.000049,2.565629,7.482121
1.00052,2.717163,7.441779
1.001492,2.872815,7.401517
1.002963,3.032097,7.36133
1.004933,3.194464,7.321226
1.007404,3.359429,7.281201
1.010374,3.526449,7.241258
1.013842,3.694979,7.201393
1.017809,3.864499,7.161613
1.022274,4.034442,7.121912
1.027238,4.20431,7.082288
1.032698,4.373487,7.042754
1.038655,4.541477,7.003301
1.045109,4.707728,6.96393
1.052057,4.871696,6.924643
1.0595,5.032877,6.88544
1.067438,5.190732,6.846325
1.075868,5.344775,6.807292
1.084792,5.49451,6.768339
1.094208,5.639438,6.72948
1.104112,5.779093,6.690705
1.114507,5.913046,6.652017
1.125391,6.040858,6.613415
1.136761,6.162109,6.574901
1.148618,6.276429,6.536478
1.160962,6.383447,6.498137
1.173788,6.482806,6.459888
1.187097,6.574188,6.421732
1.200886,6.657313,6.383663
1.215157,6.731907,6.345684
1.229906,6.797731,6.307796
1.24513,6.85457,6.269998
1.260831,6.902246,6.232295
1.277008,6.94061,6.194675
1.293654,6.969532,6.157154
1.310773,6.988919,6.119727
1.328358,6.998711,6.082392
1.346412,6.998878,6.045149
1.364932,6.989417,6.008001
1.383914,6.97036,5.970946
1.40336,6.941765,5.933985
1.423265,6.903724,5.89712
1.443625,6.856367,5.860352
1.464443,6.799842,5.823682
1.485713,6.734329,5.787106
1.507436,6.660029,5.750627
1.529608,6.577199,5.714245
1.552225,6.486098,5.67796
1.575291,6.386989,5.641771
1.598797,6.280242,5.605682
1.622742,6.166177,5.569694
1.647126,6.045159,5.533806
1.671943,5.917558,5.498016
1.697195,5.783819,5.462326
1.722878,5.644354,5.426736
1.748988,5.49959,5.391244
1.775524,5.350012,5.355856
1.802482,5.196121,5.32057
1.829857,5.03839,5.285386
1.857652,4.877304,5.250307
1.885858,4.713424,5.215326
1.914479,4.547253,5.180451
1.943508,4.379303,5.145679
1.972942,4.210135,5.111008
2.002779,4.040316,5.076443
2.033016,3.870367,5.041984
2.063647,3.700811,5.007629
2.094675,3.532239,4.973382
2.12609,3.365168,4.93924
2.157895,3.200113,4.905203
2.190088,3.037626,4.871271
2.222655,2.87825,4.837447
2.255603,2.722475,4.803731
2.288926,2.57078,4.770123
2.322617,2.423694,4.736623
2.356678,2.281668,4.703234
2.391101,2.145157,4.669951
2.425888,2.014583,4.636778
2.461035,1.890384,4.603711
2.49653,1.772973,4.570757
2.532379,1.662697,4.537914
2.568574,1.559938,4.505181
2.605109,1.465012,4.472559
2.641987,1.378223,4.440051
2.679197,1.299839,4.407652
2.716746,1.230125,4.375361
2.75462,1.169313,4.34319
2.792816,1.117586,4.311129
2.831335,1.075106,4.279181
2.870171,1.042022,4.247346
2.909317,1.018432,4.215626
2.948775,1.004411,4.184021
2.988535,1.000009,4.15253
3.028603,1.005237,4.121149
3.068965,1.020079,4.08989
3.109616,1.044489,4.058744
3.15056,1.078384,4.027714
3.191789,1.121657,3.996801
3.233294,1.174176,3.966005
3.275081,1.23576,3.935327
3.317143,1.306227,3.904761
3.359467,1.385332,3.874319
3.402058,1.472842,3.84399
3.444909,1.568452,3.813784
3.488011,1.671867,3.783692
3.531369,1.782771,3.753725
3.574969,1.900778,3.723876
3.618816,2.025523,3.694143
3.662906,2.156624,3.66453
3.707221,2.293643,3.635042
3.751769,2.436122,3.605669
3.796542,2.58362,3.576423
3.841531,2.735686,3.547294
3.88674,2.89179,3.51829
3.932156,3.051451,3.489408
3.977788,3.214179,3.460641
4.023617,3.37943,3.432004
4.06964,3.546651,3.40349
4.11586,3.715327,3.375096
4.162269,3.884939,3.346829
4.208857,4.054899,3.318683
4.255629,4.224681,3.290664
4.30257,4.393744,3.262769
4.34969,4.561586,3.234993
4.396971,4.727581,3.207348
4.444408,4.891241,3.179829
4.492004,5.052039,3.152433
4.539752,5.209482,3.125166
4.587641,5.363021,3.098022
4.635675,5.512185,3.071008
4.683851,5.656533,3.044117
4.732149,5.795524,3.017354
4.780579,5.928751,2.990722
4.829126,6.055788,2.964218
4.877794,6.176241,2.937839
4.926575,6.289693,2.911592
4.975459,6.395795,2.885468
5.024449,6.494219,2.859479
5.073542,6.584635,2.833615
5.122718,6.666741,2.807881
5.171987,6.740288,2.78228
5.221334,6.805047,2.75681
5.270762,6.860792,2.731465
5.320265,6.907355,2.706256
5.36983,6.94459,2.681175
5.419468,6.97237,2.656224
5.469159,6.990605,2.631408
5.518898,6.999241,2.606721
5.568691,6.998248,2.58217
5.618522,6.987631,2.557751
5.668395,6.967424,2.533461
5.718302,6.937687,2.509307
5.768237,6.898519,2.485284
5.818195,6.85005,2.461394
5.868172,6.792433,2.437641
5.918156,6.725844,2.414019
5.968154,6.650513,2.390534
6.01815,6.566674,2.367184
6.068149,6.474597,2.343966
6.118142,6.374562,2.320885
6.168122,6.266903,2.297937
6.218086,6.151981,2.275125
6.268027,6.030135,2.252451
6.317938,5.901789,2.22991
6.367821,5.767338,2.207509
6.417663,5.627214,2.185245
6.467467,5.481847,2.163114
6.51723,5.331722,2.14112
6.566931,5.177342,2.119267
6.616581,5.019183,2.097548
6.666169,4.857731,2.07597
6.715685,4.693547,2.054527
6.765135,4.527137,2.033225
6.814503,4.359012,2.012062
6.863795,4.189757,1.991035
6.913005,4.01987,1.970146
6.962114,3.849942,1.9494
7.011132,3.680474,1.92879
7.060049,3.512053,1.908322
7.108855,3.345199,1.887992
7.157555,3.180425,1.867806
7.206134,3.018304,1.847759
7.254602,2.859313,1.827847
7.30294,2.704004,1.808082
7.351143,2.552836,1.788457
7.399216,2.406334,1.768971
7.447148,2.264947,1.74963
7.494932,2.129112,1.730427
7.54257,1.999301,1.711369
7.59005,1.875911,1.692452
7.637379,1.759325,1.673673
7.684541,1.649933,1.655041
7.731529,1.5481,1.636553
7.778349,1.454137,1.618205
7.824991,1.368335,1.600003
7.871446,1.290992,1.581941
7.917718,1.222345,1.564025
7.963803,1.162607,1.546251
8.009683,1.111978,1.52862
8.055367,1.070628,1.511135
8.10084,1.03868,1.493796
8.146107,1.016238,1.476599
8.19116,1.003372,1.459548
8.23599,1.000128,1.44264
8.2806,1.006513,1.42588
8.324986,1.022512,1.409262
8.369132,1.048066,1.39279
8.413044,1.083095,1.376465
8.456712,1.127487,1.360288
8.500137,1.181108,1.344252
8.543313,1.24377,1.328367
8.58623,1.315279,1.312625
8.628897,1.395417,1.297028
8.671297,1.483918,1.281582
8.713426,1.580484,1.26628
8.755287,1.684817,1.251127
8.796869,1.796596,1.236122
8.838175,1.915434,1.221262
8.879198,2.040963,1.206551
8.919929,2.172798,1.191986
8.960375,2.3105,1.177569
9.000521,2.453607,1.163301
9.040363,2.601677,1.14918
9.079906,2.754257,1.13521
9.119136,2.910816,1.121388
9.158058,3.070871,1.107713
9.196666,3.23393,1.094187
9.234952,3.399449,1.08081
9.272916,3.566873,1.067581
9.310552,3.735688,1.054504
9.347853,3.905374,1.041574
9.384823,4.075341,1.028795
9.421452,4.245066,1.016167
9.457741,4.414004,1.003686
9.493685,4.581636,0.9913572
9.52928,4.747401,0.9791765
9.564521,4.910744,0.967146
9.599406,5.071185,0.9552674
9.633928,5.228165,0.9435374
9.66809,5.381204,0.93196
9.701881,5.529809,0.9205337
9.735306,5.673522,0.9092567
9.76836,5.811862,0.8981299
9.801032,5.944367,0.8871567
9.833325,6.070632,0.8763329
9.865236,6.190265,0.8656617
9.896758,6.302851,0.8551408
9.927893,6.408045,0.8447726
9.958632,6.505522,0.8345562
9.988978,6.594944,0.8244909
10.01893,6.676045,0.8145766
10.04847,6.748546,0.8048167
10.07761,6.812232,0.795207
10.10634,6.866882,0.7857509
10.13466,6.91233,0.7764457
10.16257,6.948433,0.767295
10.19006,6.975067,0.7582961
10.21714,6.992153,0.7494483
10.24379,6.999631,0.7407548
10.27001,6.99748,0.7322149
10.29581,6.985707,0.7238261
10.32118,6.96435,0.7155924
10.34612,6.933474,0.7075098
10.37062,6.893184,0.6995823
10.39469,6.843608,0.6918076
10.41832,6.784895,0.6841848
10.4415,6.717241,0.6767172
10.46424,6.640873,0.6694031
10.48654,6.556029,0.6622417
10.50838,6.462967,0.6552347
10.52978,6.36201,0.6483812
10.55072,6.253473,0.6416821
10.57121,6.137685,0.6351366
10.59124,6.015034,0.6287446
10.61081,5.885931,0.6225078
10.62991,5.750775,0.6164254
10.64856,5.609999,0.6104965
10.66674,5.464034,0.604722
10.68446,5.31339,0.5991019
10.7017,5.158529,0.593637
10.71848,4.999907,0.5883256
10.73479,4.838118,0.5831686
10.75062,4.673638,0.5781668
10.76597,4.506996,0.5733203
10.78085,4.338704,0.5686272
10.79525,4.169347,0.5640903
10.80917,3.999446,0.5597068
10.82262,3.829525,0.5554786
10.83558,3.660151,0.5514064
10.84805,3.49189,0.5474877
10.86004,3.325261,0.5437251
10.87154,3.160775,0.5401177
10.88256,2.999006,0.5366647
10.89309,2.840449,0.5333678
10.90313,2.685594,0.5302252
10.91268,2.53496,0.5272378
10.92174,2.389048,0.5244056
10.9303,2.248307,0.5217286
10.93837,2.113172,0.5192077
10.94595,1.984111,0.516842
10.95304,1.861522,0.5146307
10.95963,1.745781,0.5125762
10.96572,1.637279,0.5106761
10.97132,1.536375,0.5089313
10.97642,1.44338,0.5073425
10.98102,1.35858,0.5059088
10.98512,1.28227,0.5046313
10.98873,1.214684,0.5035089
10.99183,1.156039,0.5025418
10.99444,1.106511,0.5017298
10.99655,1.066285,0.501074
10.99816,1.035476,0.5005741
10.99926,1.014181,0.5002295
10.99987,1.002473,0.5000401
10.99998,1.000387,0.5000058
10.99959,1.007929,0.5001285
10.9987,1.025079,0.5004056
10.9973,1.05178,0.5008386
10.99541,1.087942,0.5014269
10.99302,1.133451,0.5021713
10.99013,1.18817,0.5030708
10.98674,1.251907,0.5041256
10.98286,1.324466,0.5053364
10.97847,1.405624,0.5067024
10.97359,1.495112,0.5082245
10.9682,1.592629,0.5099009
10.96233,1.697874,0.5117334
10.95595,1.810523,0.5137219
10.94908,1.930187,0.5158648
10.94172,2.056493,0.5181638
10.93386,2.189057,0.520618
10.92551,2.327416,0.5232265
10.91666,2.471164,0.5259919
10.90732,2.6198,0.5289117
10.8975,2.772887,0.5319867
10.88718,2.929893,0.5352178
10.87637,3.090333,0.5386024
10.86508,3.253716,0.5421438
10.8533,3.419473,0.5458388
10.84103,3.587116,0.5496899
10.82829,3.756061,0.5536962
10.81505,3.925812,0.5578568
10.80134,4.095779,0.5621718
10.78715,4.265438,0.5666429
10.77248,4.434268,0.5712683
10.75733,4.601681,0.5760481
10.7417,4.767163,0.5809832
10.7256,4.930204,0.5860726
10.70903,5.090259,0.5913172
10.69198,5.246791,0.5967153
10.67447,5.399323,0.6022679
10.65649,5.547381,0.6079764
10.63805,5.690453,0.6138377
10.61914,5.828098,0.6198542
10.59977,5.959893,0.6260251
10.57994,6.085395,0.6323495
10.55965,6.204186,0.6388283
10.5389,6.315902,0.6454606
10.5177,6.420184,0.6522465
10.49605,6.516709,0.6591876
10.47395,6.605144,0.6662813
10.45141,6.685215,0.6735295
10.42841,6.756686,0.680932
10.40497,6.819287,0.6884865
10.3811,6.872838,0.6961952
10.35679,6.917169,0.7040567
10.33204,6.952139,0.7120718
10.30685,6.977628,0.7202404
10.28124,6.99356,0.7285616
10.2552,6.999882,0.7370365
10.22873,6.996572,0.7456648
10.20184,6.983644,0.7544442
10.17453,6.961139,0.763378
10.1468,6.929123,0.7724637
10.11866,6.887709,0.7817012
10.09011,6.837026,0.7910923
10.06114,6.777228,0.8006344
10.03177,6.708512,0.81033
10.002,6.631112,0.8201784
9.971825,6.545265,0.8301769
9.941257,6.451236,0.8403291
9.910292,6.34935,0.8506305
9.878939,6.239923,0.8610847
9.847196,6.12329,0.8716916
9.815063,5.99984,0.8824495
9.782557,5.869987,0.8933576
9.749668,5.73413,0.9044185
9.716405,5.592689,0.9156295
9.682773,5.446154,0.9269916
9.648769,5.294976,0.9385039
9.614405,5.139642,0.9501663
9.579676,4.980628,0.9619815
9.544584,4.818466,0.9739469
9.509146,4.653698,0.9860609
9.473352,4.486809,0.9983267
9.437212,4.31838,1.010741
9.400732,4.148929,1.023306
9.363908,3.979,1.03602
9.326751,3.809115,1.048884
9.289254,3.639843,1.0619
9.251431,3.47175,1.075062
9.213288,3.305353,1.088373
9.17482,3.141164,1.101835
9.136034,2.979754,1.115445
9.096938,2.821618,1.129204
9.057528,2.667245,1.143111
9.017817,2.517171,1.157165
8.977797,2.371837,1.171372
8.937482,2.231749,1.185723
8.896877,2.097319,1.200222
8.855979,1.969016,1.214871
8.814795,1.847231,1.229665
8.773334,1.732342,1.244609
8.731591,1.624748,1.259698
8.689571,1.524765,1.274937
8.647291,1.432741,1.290322
8.604741,1.348947,1.305851
8.561935,1.273675,1.321528
8.518869,1.207154,1.337353
8.475552,1.14959,1.353322
8.43199,1.101184,1.36944
8.388182,1.062084,1.3857
8.34413,1.03241,1.40211
8.299851,1.012264,1.418664
8.25534,1.001713,1.435362
8.210607,1.000785,1.452205
8.165648,1.009486,1.469194
8.120473,1.027786,1.486328
8.07509,1.055627,1.503607
8.02949,1.092924,1.521031
7.983693,1.139555,1.538597
7.937702,1.195362,1.556308
7.891512,1.260172,1.574162
7.845137,1.333777,1.59216
7.798573,1.415951,1.610302
7.751831,1.506409,1.628586
7.704912,1.604886,1.647016
7.657823,1.711052,1.665587
7.610568,1.824552,1.684299
7.563157,1.945035,1.703157
7.515584,2.072114,1.722153
7.467865,2.2054,1.741292
7.419995,2.344429,1.760575
7.371982,2.488772,1.779998
7.323833,2.637986,1.799563
7.27555,2.791574,1.81927
7.227141,2.949019,1.839115
7.178613,3.109839,1.859104
7.129963,3.273538,1.87923
7.081204,3.439547,1.899497
7.032333,3.607354,1.919906
6.983354,3.776446,1.940456
6.934285,3.946254,1.961142
6.885119,4.116213,1.98197
6.835864,4.285799,2.002934
6.78653,4.454489,2.02404
6.737113,4.621698,2.045282
6.687627,4.786912,2.066662
6.638067,4.949621,2.088184
6.588439,5.109282,2.109843
6.538762,5.26536,2.131637
6.489026,5.417376,2.153571
6.43924,5.564862,2.175639
6.389416,5.707305,2.197848
6.339548,5.844268,2.22019
6.289651,5.975311,2.242668
6.239716,6.100046,2.265289
6.189761,6.218005,2.28804
6.139792,6.328846,2.310926
6.089804,6.432223,2.333951
6.039807,6.52778,2.357108
5.989811,6.615222,2.380403
5.939812,6.69427,2.40383
5.889823,6.764679,2.42739
5.839835,6.82621,2.451092
5.789869,6.878662,2.474921
5.739928,6.921873,2.498883
5.690008,6.955709,2.522982
5.64012,6.980052,2.547211
5.590272,6.994829,2.571576
5.54046,6.999994,2.59607
5.49069,6.995526,2.620699
5.440979,6.981443,2.645461
5.391321,6.957789,2.670352
5.341727,6.924637,2.695373
5.292195,6.882101,2.72053
5.242734,6.830313,2.745813
5.193353,6.769431,2.77123
5.144048,6.699668,2.796775
5.094824,6.621227,2.822453
5.0457,6.534383,2.848261
4.996666,6.439391,2.874195
4.947738,6.33658,2.900258
4.89891,6.226269,2.926452
4.850192,6.108796,2.952773
4.801594,5.98457,2.979226
4.753106,5.853954,3.005806
4.704748,5.717405,3.03251
4.656524,5.575325,3.059345
4.608429,5.428205,3.086304
4.560474,5.276502,3.11339
4.512663,5.12068,3.140606
4.46501,4.961282,3.167944
4.4175,4.798798,3.195412
4.370141,4.633727,3.223006
4.322962,4.466622,3.250721
4.275942,4.298041,3.278565
4.229094,4.128504,3.30653
4.182424,3.958554,3.334619
4.135935,3.788714,3.362836
4.089641,3.619576,3.391173
4.043521,3.451636,3.419637
3.997605,3.285456,3.448225
3.951899,3.121593,3.476931
3.906388,2.96055,3.505764
3.861087,2.802843,3.534715
3.815999,2.648958,3.563787
3.77113,2.499431,3.592986
3.726492,2.35472,3.622301
3.682065,2.215273,3.651741
3.637878,2.081555,3.681302
3.593936,1.954014,3.710979
3.550226,1.833041,3.74078
3.506761,1.719008,3.770697
3.463545,1.612313,3.800732
3.420583,1.513282,3.830891
3.377878,1.422222,3.861168
3.335436,1.339438,3.891559
3.293261,1.265206,3.922073
3.251364,1.199753,3.952699
3.209734,1.14328,3.983448
3.168383,1.095986,4.014308
3.127315,1.058014,4.045285
3.086535,1.029481,4.076383
3.046045,1.010487,4.107596
3.005852,1.001091,4.13892
2.965957,1.001322,4.170364
2.926374,1.01118,4.201919
2.88709,1.030632,4.233592
2.848118,1.059614,4.265375
2.809461,1.098035,4.297272
2.771122,1.145785,4.329291
2.733108,1.202685,4.361413
2.695419,1.268565,4.393649
2.658061,1.343222,4.426001
2.621044,1.426398,4.458461
2.584358,1.517835,4.491037
2.548014,1.61724,4.523719
2.512015,1.724308,4.556513
2.476364,1.838682,4.589426
2.441067,1.959979,4.62244
2.406125,2.087825,4.655564
2.371542,2.221827,4.688802
2.337328,2.361519,4.722144
2.303475,2.50647,4.755599
2.269991,2.656236,4.789158
2.23688,2.810316,4.82283
2.204145,2.968194,4.856609
2.171791,3.129385,4.89049
2.139818,3.293393,4.924479
2.108232,3.459646,4.958578
2.077041,3.627634,4.992779
2.046237,3.796841,5.027091
2.015827,3.966676,5.061502
1.985817,4.136642,5.096023
1.956207,4.306146,5.130649
1.927002,4.474689,5.165374
1.898204,4.641687,5.200203
1.869817,4.806624,5.235139
1.841848,4.968995,5.270174
1.814289,5.128232,5.305317
1.787144,5.283869,5.340561
1.76043,5.435364,5.375904
1.734135,5.582271,5.411351
1.708267,5.724078,5.446895
1.682828,5.860352,5.482539
1.65782,5.990671,5.518289
1.633252,6.114582,5.554133
1.609116,6.231706,5.590082
1.585414,6.341681,5.62613
1.562162,6.444137,5.662271
1.53935,6.538733,5.698516
1.516984,6.62518,5.734853
1.495066,6.70321,5.771288
1.473599,6.772553,5.807825
1.452589,6.832995,5.844453
1.432025,6.884351,5.881183
1.411922,6.926445,5.918008
1.392281,6.95914,5.954924
1.373098,6.982337,5.991939
1.354377,6.995959,6.029044
1.336121,6.999966,6.066243
1.318331,6.994341,6.103541
1.30101,6.979103,6.140933
1.284158,6.954299,6.178412
1.267778,6.920015,6.215989
1.251874,6.876358,6.253652
1.236442,6.823468,6.291412
1.221486,6.761506,6.329258
1.207008,6.690688,6.367195
1.19301,6.611233,6.405229
1.179492,6.523384,6.443351
1.166456,6.427433,6.481558
1.153904,6.323702,6.519859
1.141839,6.212512,6.558244
1.130256,6.094204,6.596723
1.119162,5.96919,6.635283
1.108555,5.837854,6.673931
1.098437,5.700601,6.712677
1.088809,5.557887,6.751498
1.079673,5.410192,6.790406
1.071028,5.257969,6.829405
1.062879,5.101688,6.868483
1.055221,4.941891,6.907652
1.048057,4.779071,6.946899
1.041389,4.613727,6.986231
1.035217,4.446414,7.025657
1.029541,4.277689,7.065155
1.024363,4.108073,7.104735
1.019682,3.938087,7.144404
1.015499,3.768323,7.184148
1.011815,3.599303,7.22398
1.008629,3.431569,7.263886
1.005942,3.265615,7.30388
1.003755,3.102063,7.343953
1.002067,2.941394,7.384099
1.00088,2.784101,7.424324
1.000192,2.630733,7.464634
1.000004,2.481761,7.505016
1.000316,2.337661,7.545482
1.001128,2.198879,7.58602
1.00244,2.06588,7.626639
1.004252,1.939108,7.667336
1.006563,1.818951,7.708102
1.009374,1.70578,7.748944
1.012684,1.59999,7.789867
1.016491,1.501902,7.830858
1.020798,1.411822,7.871929
1.025604,1.330052,7.913074
1.030905,1.256864,7.954287
1.036704,1.192481,7.995578
1.042999,1.137103,8.036935
1.049791,1.090923,8.078364
1.057077,1.05408,8.119871
1.064856,1.026691,8.161442
1.07313,1.00885,8.20309
1.081898,1.00061,8.244807
1.091155,1.001999,8.286589
1.100904,1.013013,8.328444
1.111144,1.033615,8.370363
1.121872,1.063738,8.412351
1.133088,1.103293,8.454411
1.144789,1.152141,8.496533
1.156979,1.210138,8.538728
1.169652,1.277084,8.580988
1.182805,1.352781,8.623308
1.196442,1.436965,8.665701
1.21056,1.529377,8.708151
1.225157,1.629732,8.750666
1.240231,1.737684,8.793251
1.255778,1.852896,8.835893
1.271806,1.975018,8.878604
1.288303,2.103642,8.921377
1.305269,2.238336,8.964208
1.322707,2.378685,9.007104
1.340612,2.524237,9.050056
1.358984,2.674548,9.093069
1.37782,2.829093,9.136148
1.397118,2.987418,9.179287
1.416876,3.148994,9.222478
1.437093,3.31328,9.265735
1.457762,3.479771,9.309042
1.478889,3.647932,9.352414
1.500469,3.817245,9.395838
1.522498,3.987122,9.439317
1.544975,4.157041,9.48286
1.567898,4.326478,9.526458
1.591264,4.494867,9.570105
1.61507,4.661645,9.613812
1.639311,4.8263,9.657569
1.663992,4.988323,9.701385
1.689107,5.147152,9.745248
1.714653,5.302299,9.789164
1.740627,5.453285,9.833144
1.767028,5.599605,9.877165
1.793851,5.740771,9.921237
1.821096,5.876349,9.965365
1.848752,6.005921,10.00954
1.87683,6.129037,10.05377
1.90532,6.245318,10.09804
1.934219,6.354407,10.14236
1.963525,6.455936,10.18674
1.993234,6.549568,10.23116
2.023344,6.635015,10.27562
2.053852,6.712015,10.32014
2.084749,6.780298,10.3647
2.116042,6.839657,10.40931
2.147725,6.8899,10.45396
2.179792,6.930878,10.49866
2.212242,6.962435,10.54341
2.24507,6.984483,10.58819
2.278274,6.996952,10.63302
2.31185,6.999799,10.67789
2.345788,6.993017,10.7228
2.380098,6.976627,10.76776
2.414771,6.950679,10.81276
2.449802,6.915257,10.8578
2.485188,6.870481,10.90288
2.520925,6.816492,10.948
2.55701,6.753453,10.99316
2.59344,6.681583,11.03836
2.630203,6.601106,11.08359
2.66731,6.512267,11.12887
2.704757,6.415361,11.17419
2.74252,6.310715,11.21953
2.780616,6.198652,11.26492
2.819034,6.079515,11.31034
2.857769,5.953719,11.35579
2.89682,5.821651,11.40129
2.936172,5.683717,11.44681
2.975839,5.540397,11.49237
3.015816,5.392112,11.53797
3.056076,5.239378,11.58359
3.096637,5.082644,11.62926
3.13749,4.922456,11.67494
3.178628,4.759307,11.72066
3.220049,4.593699,11.76642
3.26174,4.426207,11.8122
3.30372,4.257323,11.85802
3.345963,4.087637,11.90386
3.388462,3.917646,11.94973
3.431231,3.747943,11.99563
3.474256,3.579049,12.04156
3.517534,3.411483,12.08751
3.561061,3.245829,12.13349
3.604831,3.082575,12.17951
3.648841,2.922287,12.22554
3.693086,2.765438,12.2716
3.737553,2.612572,12.31768
3.782255,2.464161,12.36379
3.827179,2.320679,12.40992
3.87232,2.18257,12.45607
3.917673,2.050313,12.50225
3.963236,1.924298,12.54846
4.009001,1.804947,12.59468
4.054966,1.692659,12.64092
4.101116,1.587777,12.68718
4.147465,1.490639,12.73347
4.194,1.401543,12.77977
4.240715,1.320801,12.82609
4.287606,1.24865,12.87244
4.334668,1.18534,12.91879
4.381897,1.131059,12.96517
4.429287,1.085995,13.01157
4.476826,1.050284,13.05797
4.524526,1.024039,13.1044
4.572373,1.00735,13.15084
4.620363,1.000267,13.19729
4.668492,1.002815,13.24378
4.716753,1.014985,13.29026
4.765143,1.036736,13.33675
4.813656,1.067999,13.38327
4.862278,1.108679,13.42979
4.911024,1.158635,13.47633
4.959878,1.217712,13.52287
5.008837,1.28573,13.56943
5.057895,1.362462,13.616
5.107047,1.447651,13.66258
5.156288,1.541032,13.70916
5.205613,1.642321,13.75576
5.255009,1.751164,13.80237
5.304488,1.867226,13.84898
5.354037,1.990135,13.8956
5.403651,2.119529,13.94223
5.453324,2.254927,13.98886
5.503052,2.395926,14.0355
5.552829,2.542093,14.08214
5.602652,2.692921,14.12879
5.652504,2.847945,14.17544
5.702401,3.006666,14.2221
5.752337,3.168621,14.26876
5.802279,3.3332,14.31542
5.85225,3.49992,14.36208
5.902236,3.668245,14.40875
5.952231,3.837658,14.45541
6.002232,4.007569,14.50208
6.052223,4.177456,14.54874
6.102218,4.346796,14.59541
6.152212,4.515023,14.64208
6.202172,4.681573,14.68874
6.252121,4.845936,14.7354
6.302045,5.007605,14.78206
6.351939,5.166018,14.82871
6.401798,5.320688,14.87537
6.451607,5.471138,14.92201
6.50139,5.616866,14.96866
6.551113,5.757383,15.0153
6.600771,5.892259,15.06193
6.65038,6.021079,15.10856
6.699923,6.143393,15.15517
6.749395,6.258827,15.20178
6.798793,6.367024,15.24839
6.848102,6.467608,15.29498
6.897345,6.560284,15.34157
6.946489,6.644728,15.38815
6.995528,6.720693,15.43472
7.044478,6.787914,15.48128
7.093323,6.846186,15.52782
7.142058,6.895328,15.57435
7.19068,6.935169,15.62088
7.239182,6.965591,15.66739
7.28756,6.98649,15.71388
7.33581,6.997804,15.76037
7.383917,6.999492,15.80684
7.431895,6.991553,15.8533
7.47973,6.974011,15.89973
7.527416,6.946918,15.94616
7.57495,6.910369,15.99257
7.622326,6.864472,16.03896
7.66954,6.809377,16.08534
7.716578,6.745281,16.13169
7.763463,6.672343,16.17804
7.810162,6.590847,16.22436
7.85668,6.50102,16.27066
7.903003,6.403178,16.31694
7.949145,6.297622,16.3632
7.995092,6.184675,16.40944
8.04084,6.06473,16.45566
8.086384,5.938157,16.50186
8.13171,5.805363,16.54803
8.176832,5.666756,16.59419
8.221736,5.522816,16.64032
8.266418,5.373988,16.68642
8.310873,5.220729,16.7325
8.355089,5.063572,16.77856
8.399077,4.903001,16.82459
8.442835,4.739487,16.87061
8.48634,4.57362,16.91659
8.529595,4.405935,16.96253
8.572598,4.236946,17.00846
8.615335,4.067197,17.05436
8.65782,3.897209,17.10023
8.700038,3.727575,17.14607
8.741986,3.558814,17.19187
8.78366,3.391448,17.23766
8.825047,3.226057,17.28341
8.866161,3.06315,17.32913
8.906988,2.90323,17.37481
8.947523,2.746852,17.42047
8.987764,2.594496,17.46609
9.027699,2.446652,17.51168
9.067347,2.303756,17.55725
9.106679,2.166326,17.60277
9.145701,2.034801,17.64826
9.184409,1.909583,17.69371
9.222798,1.791061,17.73913
9.260858,1.679645,17.78451
9.298598,1.575677,17.82986
9.336009,1.479479,17.87516
9.373087,1.391385,17.92043
9.409826,1.311664,17.96567
9.446218,1.240572,18.01086
9.482273,1.178331,18.05602
9.517979,1.125155,18.10113
9.553333,1.081207,18.14621
9.588332,1.046625,18.19125
9.622979,1.021522,18.23625
9.65725,1.005988,18.2812
9.691162,1.000064,18.32611
9.724706,1.003771,18.37098
9.757875,1.017096,18.4158
9.79067,1.039995,18.46059
9.82308,1.072396,18.50532
9.855113,1.1142,18.55002
9.886761,1.165262,18.59467
9.91802,1.225424,18.63927
9.948888,1.294502,18.68382
9.979354,1.372255,18.72833
10.00943,1.458443,18.7728
10.0391,1.552802,18.81721
10.06837,1.655005,18.86158
10.09724,1.764765,18.90591
10.12569,1.881672,18.95018
10.15373,2.005378,18.9944
10.18135,2.135505,19.03857
10.20856,2.271599,19.08269
10.23535,2.413241,19.12676
10.26171,2.559997,19.17078
10.28764,2.711356,19.21474
10.31315,2.866851,19.25866
10.33822,3.026005,19.30252
10.36287,3.188264,19.34632
10.38707,3.353128,19.39008
10.41084,3.52007,19.43378
10.43416,3.688574,19.47743
10.45705,3.858056,19.52102
10.47949,4.028039,19.56456
10.50148,4.197886,19.60803
10.52302,4.36712,19.65146
10.5441,4.535154,19.69482
10.56473,4.701469,19.73813
10.58491,4.865555,19.78137
10.60462,5.026841,19.82456
10.62388,5.18483,19.86769
10.64267,5.339016,19.91076
10.661,5.488924,19.95377
10.67887,5.634032,19.99672
10.69626,5.773895,20.0396
10.71319,5.908082,20.08244
10.72964,6.036125,20.1252
10.74562,6.157633,20.1679
10.76113,6.272244,20.21055
10.77617,6.379545,20.25312
10.79072,6.479192,20.29563
10.80479,6.570882,20.33809
10.81839,6.654319,20.38046
10.8315,6.729245,20.42278
10.84413,6.795401,20.46503
10.85627,6.852583,20.50722
10.86793,6.900614,20.54934
10.8791,6.939328,20.59139
10.88979,6.968607,20.63337
10.89998,6.988359,20.67529
10.90969,6.998516,20.71713
10.9189,6.999047,20.75891
10.92763,6.989952,20.80062
10.93586,6.971253,20.84226
10.94359,6.943016,20.88383
10.95084,6.905335,20.92533
10.95758,6.858329,20.96675
10.96383,6.80214,21.00811
10.96959,6.736962,21.04939
10.97484,6.663,21.0906
10.97961,6.580478,21.13173
10.98387,6.489683,21.17279
10.98763,6.390897,21.21378
10.9909,6.284436,21.25469
10.99366,6.170627,21.29553
10.99593,6.049865,21.33629
10.9977,5.922523,21.37698
10.99896,5.788991,21.41759
10.99973,5.649697,21.45813
11,5.505144,21.49858
10.99977,5.35576,21.53897
10.99903,5.202002,21.57926
10.9978,5.044407,21.61948
10.99607,4.88346,21.65963
10.99384,4.719676,21.69969
10.99111,4.55356,21.73967
10.98788,4.385689,21.77957
10.98415,4.216581,21.81939
10.97992,4.046754,21.85913
10.9752,3.8768,21.89879
10.96997,3.707242,21.93837
10.96425,3.5386,21.97786
10.95804,3.371462,22.01727
10.95132,3.206298,22.0566
10.94412,3.043726,22.09585
10.93642,2.884224,22.135
10.92822,2.728283,22.17408
10.91953,2.576445,22.21306
10.91035,2.429176,22.25196
10.90068,2.286931,22.29078
10.89052,2.150204,22.32951
10.87987,2.019415,22.36816
10.86873,1.894966,22.40671
10.85711,1.777292,22.44518
10.845,1.666753,22.48356
10.8324,1.563703,22.52184
10.81932,1.468461,22.56005
10.80576,1.381359,22.59816
10.79172,1.302642,22.63619
10.7772,1.232605,22.67412
10.7622,1.171444,22.71196
10.74673,1.119371,22.74971
10.73078,1.076545,22.78737
10.71436,1.043099,22.82493
10.69746,1.019149,22.8624
10.6801,1.004767,22.89978
10.66227,1,22.93707
10.64397,1.004864,22.97427
10.62521,1.019342,23.01136
10.60599,1.043387,23.04836
10.5863,1.076928,23.08528
10.56616,1.119848,23.12209
10.54556,1.172013,23.15881
10.5245,1.233273,23.19544
10.503,1.303409,23.23196
10.48104,1.382192,23.26839
10.45863,1.469378,23.30472
10.43578,1.564686,23.34095
10.41249,1.667826,23.37709
10.38875,1.778439,23.41312
10.36458,1.896183,23.44906
10.33996,2.020697,23.4849
10.31492,2.151548,23.52064
10.28945,2.288332,23.55628
10.26354,2.430631,23.59181
10.23721,2.577948,23.62724
10.21045,2.729829,23.66258
10.18328,2.885788,23.69781
10.15568,3.045366,23.73295
10.12767,3.207989,23.76798
10.09924,3.373132,23.8029
10.07041,3.540287,23.83772
10.04117,3.70894,23.87244
10.01153,3.878505,23.90706
9.98148,4.04846,23.94157
9.951035,4.218283,23.97597
9.920196,4.387382,24.01027
9.888964,4.555238,24.04446
9.857348,4.721311,24.07855
9.825342,4.88509,24.11253
9.792953,5.046007,24.1464
9.760185,5.203566,24.18017
9.727041,5.357282,24.21383
9.693518,5.50666,24.24739
9.659637,5.651161,24.28083
9.625385,5.790361,24.31417
9.590771,5.923833,24.34739
9.555797,6.051111,24.38051
9.520468,6.171804,24.41352
9.484793,6.285527,24.44641
9.448762,6.391928,24.4792
9.412388,6.490635,24.51187
9.375671,6.581348,24.54443
9.338617,6.663785,24.57689
9.301237,6.737661,24.60922
9.263519,6.802749,24.64145
9.225475,6.858847,24.67356
9.187109,6.905761,24.70557
9.148416,6.943356,24.73746
9.109415,6.971491,24.76924
9.070112,6.990089,24.8009
9.030494,6.99909,24.83245
8.990572,6.998462,24.86388
8.950352,6.988208,24.89519
8.909837,6.96836,24.92639
8.869039,6.938986,24.95748
8.827945,6.900178,24.98845
8.786569,6.852054,25.0193
8.744914,6.79478,25.05003
8.702985,6.728536,25.08065
8.660793,6.653533,25.11115
8.618328,6.570002,25.14153
8.575601,6.478231,25.1718
8.532608,6.378477,25.20195
8.489369,6.271115,25.23197
8.445882,6.156446,25.26188
8.402159,6.034871,25.29167
8.358187,5.906764,25.32134
8.313979,5.772518,25.35089
8.26954,5.6326,25.38031
8.224874,5.487442,25.40962
8.179994,5.337509,25.4388
8.134887,5.183261,25.46787
8.089566,5.025237,25.49681
8.044038,4.863921,25.52563
7.998304,4.69981,25.55433
7.952379,4.533474,25.5829
7.906251,4.365426,25.61135
7.859923,4.196159,25.63969
7.813417,4.026286,25.66789
7.766731,3.856351,25.69597
7.719868,3.686876,25.72392
7.672841,3.518407,25.75175
7.625639,3.351462,25.77946
7.578274,3.18662,25.80704
7.530751,3.02439,25.83449
7.483075,2.86527,25.86182
7.43526,2.709814,25.88902
7.387292,2.5585,25.9161
7.339185,2.411793,25.94305
7.290945,2.270204,25.96987
7.242575,2.134168,25.99657
7.194091,2.00412,26.02313
7.145468,1.880447,26.04958
7.09674,1.763597,26.07589
7.047903,1.653941,26.10207
6.99896,1.551816,26.12812
6.949918,1.457537,26.15405
6.900791,1.371432,26.17984
6.851563,1.293764,26.20551
6.802251,1.224775,26.23104
6.752858,1.164704,26.25644
6.703391,1.113734,26.28172
6.653862,1.072028,26.30686
6.604258,1.039718,26.33187
6.554594,1.016914,26.35675
6.504875,1.003686,26.3815
6.455104,1.000075,26.40611
6.40528,1.006099,26.4306
6.355433,1.021732,26.45495
6.305542,1.046925,26.47917
6.255619,1.081602,26.50326
6.205671,1.125643,26.52721
6.155703,1.178911,26.55103
6.105729,1.241234,26.57471
6.055735,1.312422,26.59826
6.005734,1.392228,26.62168
5.955734,1.480405,26.64496
5.905738,1.576683,26.66811
5.855761,1.680727,26.69111
5.805789,1.792216,26.71399
5.755836,1.910808,26.73673
5.705897,2.036125,26.75934
5.655998,2.167713,26.78181
5.606134,2.305183,26.80414
5.556318,2.448093,26.82633
5.506537,2.596004,26.84839
5.456806,2.748403,26.87031
5.407128,2.904819,26.89209
5.357511,3.064772,26.91374
5.307966,3.227706,26.93525
5.258482,3.393119,26.95662
5.209072,3.560503,26.97784
5.15974,3.729275,26.99894
5.110493,3.898915,27.01989
5.061344,4.068881,27.0407
5.01228,4.238648,27.06138
4.963305,4.407671,27.08192
4.914443,4.575341,27.10231
4.86569,4.741163,27.12257
4.81705,4.904628,27.14268
4.768537,5.065168,27.16266
4.720139,5.222288,27.18249
4.671868,5.375505,27.20219
4.623731,5.524286,27.22174
4.57573,5.668174,27.24115
4.527882,5.806708,27.26042
4.480172,5.93946,27.27954
4.432613,6.065968,27.29853
4.385211,6.185844,27.31737
4.337971,6.298719,27.33607
4.290906,6.4042,27.35463
4.243994,6.501988,27.37305
4.197267,6.591718,27.39132
4.150719,6.673139,27.40945
4.104357,6.745968,27.42743
4.058185,6.809984,27.44528
4.012215,6.864979,27.46297
3.966435,6.910783,27.48053
3.920858,6.947237,27.49794
3.87549,6.974232,27.5152
3.830334,6.991681,27.53232
3.785403,6.999523,27.5493
3.740686,6.997738,27.56613
3.696194,6.986328,27.58282
3.651933,6.965333,27.59936
3.607906,6.93482,27.61575
3.564111,6.894874,27.632
3.520576,6.845646,27.64811
3.47728,6.787274,27.66406
3.434237,6.719964,27.67987
3.391449,6.643922,27.69554
3.348923,6.559382,27.71106
3.306671,6.466637,27.72643
3.264679,6.365975,27.74165
3.222961,6.257703,27.75673
3.181521,6.142198,27.77166
3.140362,6.0198,27.78644
3.099498,5.890952,27.80107
3.058915,5.756,27.81556
3.018627,5.615408,27.8299
2.978637,5.469671,27.84409
2.938941,5.319135,27.85814
2.899559,5.164445,27.87203
2.860495,5.005976,27.88577
2.821737,4.844276,27.89937
2.783297,4.679911,27.91282
2.745178,4.513319,27.92612
2.707386,4.345078,27.93927
2.669929,4.175775,27.95227
2.632798,4.005862,27.96512
2.596004,3.835931,27.97782
2.559551,3.666571,27.99037
2.523441,3.498237,28.00277
2.487686,3.331558,28.01502
2.452276,3.166981,28.02712
2.41722,3.005078,28.03907
2.382516,2.846369,28.05088
2.34818,2.691365,28.06253
2.314209,2.540562,28.07403
2.280614,2.394483,28.08538
2.247384,2.25352,28.09657
2.214529,2.118164,28.10762
2.182053,1.988884,28.11852
2.149958,1.866026,28.12926
2.118255,1.75005,28.13985
2.086934,1.641266,28.15029
2.056004,1.540055,28.16058
2.025468,1.446766,28.17072
1.99533,1.361649,28.18071
1.965598,1.285003,28.19054
1.936264,1.217092,28.20022
1.907331,1.158081,28.20975
1.878812,1.108212,28.21913
1.850706,1.067638,28.22835
1.823015,1.036467,28.23742
1.795746,1.014815,28.24634
1.768893,1.002741,28.25511
1.742463,1.000291,28.26373
1.716458,1.007468,28.27218
1.690882,1.024255,28.28049
1.665742,1.050596,28.28865
1.64103,1.086396,28.29665
1.616754,1.131559,28.3045
1.592917,1.185932,28.31219
1.56952,1.249322,28.31973
1.546571,1.321559,28.32712
1.524058,1.402397,28.33436
1.501997,1.491575,28.34144
1.480386,1.588806,28.34836
1.459228,1.693751,28.35514
1.438523,1.806127,28.36176
1.418278,1.925547,28.36822
1.398487,2.051593,28.37453
1.379157,2.183928,28.38069
1.360289,2.322094,28.38669
1.341884,2.465608,28.39254
1.323949,2.614086,28.39823
1.306478,2.767014,28.40377
1.289477,2.923859,28.40916
1.272946,3.0842,28.41439
1.256888,3.247482,28.41946
1.241302,3.413179,28.42439
1.226197,3.580761,28.42915
1.211567,3.749644,28.43376
1.197416,3.919376,28.43822
1.183745,4.089366,28.44252
1.170555,4.259024,28.44667
1.157851,4.427896,28.45066
1.145629,4.595394,28.4545
1.133892,4.760937,28.45818
1.122642,4.92408,28.4617
1.111879,5.084258,28.46508
1.101608,5.240911,28.46829
1.091824,5.393624,28.47136
1.082531,5.541862,28.47426
1.07373,5.685111,28.47701
1.065419,5.823025,28.47961
1.057604,5.955014,28.48205
1.050285,6.080762,28.48433
1.043459,6.199829,28.48646
1.037129,6.311804,28.48844
1.031295,6.416387,28.49025
1.025958,6.513212,28.49192
1.021119,6.601944,28.49343
1.016778,6.682348,28.49478
1.012934,6.754139,28.49598
1.009589,6.817071,28.49702
1.006744,6.870977,28.4979
1.004398,6.915654,28.49863
1.002551,6.950983,28.49921
1.001204,6.976837,28.49963
1.000356,6.993133,28.49989
1.00001,6.999818,28.5
1.000162,6.996872,28.49995
1.000815,6.984309,28.49975
1.001968,6.962162,28.49939
1.00362,6.930503,28.49887
1.005773,6.889448,28.4982
1.008425,6.839106,28.49738
1.011575,6.779665,28.4964
1.015224,6.711285,28.49526
1.019372,6.634199,28.49397
1.024019,6.54868,28.49252
1.029162,6.454955,28.49092
1.034802,6.353349,28.48916
1.04094,6.244216,28.48725
1.047574,6.127818,28.48518
1.054703,6.004618,28.48295
1.062326,5.875017,28.48057
1.070443,5.739362,28.47804
1.079051,5.598161,28.47535
1.088153,5.451791,28.4725
1.097747,5.300761,28.4695
1.10783,5.145596,28.46634
1.118402,4.986711,28.46303
1.129461,4.824658,28.45957
1.141009,4.660003,28.45595
1.153043,4.493184,28.45217
1.165561,4.324781,28.44824
1.178563,4.155382,28.44415
1.192045,3.985438,28.43991
1.206012,3.815541,28.43551
1.220456,3.646236,28.43096
1.235379,3.478067,28.42625
1.250778,3.311619,28.42139
1.266651,3.147336,28.41638
1.282995,2.98579,28.41121
1.299814,2.827542,28.40588
1.317102,2.673017,28.4004
1.334859,2.522751,28.39477
1.353083,2.377268,28.38898
1.371768,2.236954,28.38304
1.390919,2.102302,28.37694
1.410531,1.973776,28.37069
1.430602,1.851721,28.36429
1.451129,1.736563,28.35773
1.472116,1.628672,28.35101
1.493552,1.528396,28.34415
1.515434,1.436078,28.33713
1.537769,1.351967,28.32995
1.56055,1.276358,28.32262
1.583775,1.209511,28.31514
1.607441,1.151605,28.30751
1.631542,1.102843,28.29972
1.656085,1.063393,28.29177
1.681062,1.033361,28.28368
1.706471,1.012853,28.27543
1.732309,1.001938,28.26703
1.758569,1.000644,28.25848
1.785258,1.008981,28.24977
1.812369,1.026916,28.24091
1.839904,1.054408,28.2319
1.867849,1.091341,28.22273
1.896208,1.137621,28.21341
1.924971,1.193091,28.20394
1.954148,1.257556,28.19432
1.983729,1.330842,28.18455
2.013712,1.412698,28.17462
2.044094,1.502835,28.16454
2.074865,1.601014,28.15431
2.106034,1.706895,28.14393
2.137593,1.820108,28.13339
2.169538,1.940349,28.12271
2.201867,2.067203,28.11187
2.234569,2.200226,28.10089
2.267653,2.339063,28.08974
2.301117,2.483233,28.07845
2.334945,2.632273,28.06701
2.36914,2.785704,28.05542
2.403697,2.942991,28.04368
2.438607,3.103714,28.03179
2.47388,3.267314,28.01974
2.509506,3.433222,28.00755
2.545481,3.600995,27.99521
2.581801,3.770048,27.98272
2.618456,3.939794,27.97007
2.655457,4.109779,27.95728
2.692791,4.279366,27.94434
2.730457,4.448101,27.93125
2.768449,4.615398,27.91801
2.806757,4.780675,27.90462
2.845399,4.943533,27.89108
2.88435,5.103318,27.87738
2.923612,5.259519,27.86355
2.963181,5.411718,27.84957
3.003055,5.559385,27.83543
3.04322,5.702007,27.82115
3.083689,5.839203,27.80672
3.124449,5.97046,27.79214
3.165497,6.095426,27.77742
3.206828,6.213665,27.76255
3.248431,6.324767,27.74753
3.290317,6.428435,27.73236
3.332473,6.524306,27.71705
3.374897,6.61205,27.70159
3.417583,6.691432,27.68598
3.460535,6.76219,27.67022
3.503725,6.824044,27.65433
3.547173,6.876849,27.63828
3.590866,6.920406,27.62208
3.6348,6.954599,27.60575
3.678971,6.979306,27.58926
3.723365,6.994444,27.57264
3.767995,6.999973,27.55586
3.812849,6.995871,27.53894
3.857921,6.982153,27.52188
3.903208,6.958859,27.50467
3.948695,6.926064,27.48731
3.994396,6.883887,27.46981
4.040298,6.832441,27.45217
4.086396,6.7719,27.43439
4.132694,6.70246,27.41645
4.17917,6.624342,27.39838
4.225819,6.537823,27.38017
4.272655,6.443133,27.3618
4.319663,6.340599,27.3433
4.366839,6.23058,27.32466
4.414178,6.113371,27.30587
4.461667,5.989377,27.28694
4.509319,5.85903,27.26787
4.55712,5.722681,27.24865
4.605066,5.580801,27.2293
4.653151,5.433885,27.2098
4.701361,5.282326,27.19017
4.74971,5.12665,27.17038
4.798193,4.967357,27.15046
4.846788,4.804958,27.1304
4.895498,4.640019,27.1102
4.944318,4.472981,27.08986
4.993235,4.304425,27.06938
5.042262,4.134936,27.04875
5.091384,3.964969,27.028
5.140597,3.795115,27.0071
5.189897,3.625963,26.98606
5.239267,3.457967,26.96489
5.288723,3.291712,26.94357
5.338251,3.127774,26.92211
5.387844,2.966592,26.90052
5.437499,2.808728,26.8788
5.487201,2.65473,26.85693
5.536973,2.50497,26.83492
5.586781,2.360089,26.81277
5.636631,2.220434,26.7905
5.686517,2.086493,26.76808
5.736435,1.958728,26.74553
5.786369,1.837483,26.72285
5.836335,1.723181,26.70002
5.886316,1.616217,26.67706
5.936309,1.516877,26.65397
5.986309,1.42551,26.63074
6.0363,1.34243,26.60738
6.086297,1.267859,26.58388
6.136286,1.202077,26.56025
6.186261,1.14526,26.53648
6.236217,1.097609,26.51258
6.286159,1.059276,26.48854
6.336054,1.030385,26.46438
6.385924,1.01103,26.44007
6.435756,1.001272,26.41565
6.485544,1.001138,26.39108
6.535284,1.010634,26.36639
6.58496,1.029721,26.34156
6.634588,1.058348,26.31659
6.684153,1.096409,26.2915
6.733648,1.143802,26.26628
6.783071,1.200365,26.24093
6.832406,1.265899,26.21545
6.881667,1.340227,26.18983
6.93084,1.423095,26.16409
6.979919,1.514212,26.13821
7.02891,1.613361,26.11221
7.077789,1.720147,26.08607
7.126551,1.834222,26.05982
7.175209,1.95528,26.03342
7.22375,2.082868,26.00691
7.272168,2.216645,25.98026
7.320459,2.356148,25.95349
7.368609,2.500889,25.92659
7.416632,2.650482,25.89956
7.464512,2.804408,25.87241
7.512246,2.96213,25.84513
7.559829,3.123225,25.81773
7.607247,3.287137,25.7902
7.654513,3.453291,25.76254
7.701614,3.621246,25.73475
7.748554,3.790417,25.70684
7.79531,3.960261,25.67881
7.841886,4.130232,25.65066
7.888269,4.29974,25.62238
7.934472,4.468331,25.59397
7.980482,4.635418,25.56545
8.026294,4.800421,25.5368
8.071903,4.962899,25.50803
8.117296,5.122285,25.47914
8.162486,5.278026,25.45011
8.20746,5.429707,25.42098
8.252213,5.576797,25.39172
8.296741,5.718786,25.36234
8.341031,5.855296,25.33284
8.385095,5.985849,25.30321
8.428929,6.110026,25.27346
8.472512,6.227428,25.24361
8.515847,6.33765,25.21363
8.558931,6.440397,25.18353
8.601751,6.535308,25.15331
8.644319,6.622057,25.12297
8.686623,6.700412,25.09252
8.728657,6.770096,25.06195
8.770419,6.830871,25.03126
8.811895,6.882574,25.00045
8.853099,6.925022,24.96952
8.894017,6.958071,24.93849
8.934647,6.981632,24.90733
8.974982,6.99562,24.87606
9.015012,6.99999,24.84468
9.054756,6.994727,24.81317
9.094187,6.979855,24.78155
9.133308,6.955412,24.74982
9.172116,6.92148,24.71798
9.210608,6.878181,24.68602
9.24877,6.82563,24.65395
9.286615,6.764007,24.62176
9.324132,6.693529,24.58947
9.361316,6.614386,24.55706
9.398163,6.526848,24.52454
9.434665,6.431224,24.49191
9.470829,6.327769,24.45916
9.506646,6.216871,24.42631
9.542113,6.098826,24.39335
9.577226,5.974043,24.36028
9.611987,5.842921,24.32709
9.646374,5.705883,24.2938
9.680403,5.563367,24.26039
9.714064,5.415871,24.22688
9.747354,5.263791,24.19327
9.780268,5.107653,24.15954
9.812799,4.948002,24.12571
9.844954,4.785265,24.09177
9.876725,4.620051,24.05772
9.908108,4.452802,24.02357
9.9391,4.2841,23.98932
9.969693,4.11453,23.95496
9.999895,3.944548,23.92048
10.0297,3.774743,23.88591
10.0591,3.605708,23.85123
10.08809,3.437847,23.81644
10.11668,3.271837,23.78156
10.14484,3.108209,23.74657
10.1726,2.947399,23.71148
10.19994,2.790011,23.67628
10.22686,2.636466,23.64099
10.25336,2.487298,23.6056
10.27943,2.343025,23.5701
10.30507,2.204032,23.5345
10.33029,2.070807,23.4988
10.35507,1.943809,23.463
10.37941,1.823377,23.42711
10.40331,1.709934,23.39111
10.42678,1.603872,23.35501
10.44981,1.505474,23.31881
10.47239,1.415084,23.28251
10.49452,1.332995,23.24612
10.5162,1.259468,23.20964
10.53743,1.194757,23.17306
10.55821,1.139034,23.13637
10.57853,1.092497,23.09959
10.59839,1.055304,23.06273
10.6178,1.027555,23.02576
10.63674,1.009349,22.9887
10.65522,1.000747,22.95153
10.67323,1.001771,22.91429
10.69077,1.012421,22.87695
10.70785,1.032657,22.83951
10.72445,1.062425,22.80198
10.74059,1.101624,22.76435
10.75625,1.15013,22.72663
10.77143,1.207786,22.68883
10.78614,1.274387,22.65093
10.80036,1.349757,22.61295
10.81411,1.433636,22.57487
10.82738,1.52573,22.5367
10.84016,1.625791,22.49845
10.85246,1.733475,22.4601
10.86427,1.848405,22.42167
10.8756,1.970273,22.38316
10.88644,2.098657,22.34454
10.89679,2.23311,22.30585
10.90665,2.373271,22.26707
10.91602,2.518655,22.2282
10.9249,2.668754,22.18925
10.93329,2.823209,22.1502
10.94118,2.981359,22.11106
10.94858,3.142822,22.07186
10.95549,3.307036,22.03256
10.9619,3.473431,21.99319
10.96781,3.641561,21.95373
10.97322,3.810841,21.91418
10.97814,3.980684,21.87455
10.98256,4.150634,21.83485
10.98649,4.3201,21.79506
10.98991,4.488493,21.75519
10.99284,4.655364,21.71523
10.99526,4.820086,21.67521
10.99719,4.98222,21.6351
10.99862,5.1412,21.59491
10.99954,5.296515,21.55463
10.99997,5.447669,21.51429
10.9999,5.594174,21.47385
10.99932,5.735523,21.43335
10.99825,5.871339,21.39277
10.99668,6.001146,21.35212
10.9946,6.124496,21.31139
10.99203,6.241058,21.27057
10.98896,6.350397,21.22969
10.98539,6.452219,21.18873
10.98132,6.546168,21.1477
10.97676,6.63192,21.1066
10.97169,6.709246,21.06541
10.96613,6.777873,21.02416
10.96007,6.837566,20.98284
10.95352,6.888178,20.94143
10.94646,6.929502,20.89996
10.93892,6.961412,20.85843
10.93088,6.983824,20.81681
10.92235,6.996654,20.77513
10.91333,6.999866,20.73338
10.90381,6.993447,20.69156
10.89381,6.977423,20.64968
10.88332,6.951835,20.60771
10.87233,6.91677,20.56569
10.86086,6.872353,20.5236
10.8489,6.818703,20.48144
10.83647,6.756002,20.43922
10.82354,6.684474,20.39692
10.81013,6.604308,20.35456
10.79624,6.51578,20.31213
10.78187,6.419175,20.26965
10.76703,6.314802,20.2271
10.75171,6.203028,20.18449
10.73591,6.084151,20.1418
10.71964,5.958583,20.09906
10.70289,5.826763,20.05626
10.68568,5.689043,20.0134
10.668,5.545899,19.97048
10.64985,5.397832,19.92748
10.63124,5.245239,19.88444
10.61216,5.088647,19.84133
10.59262,4.928603,19.79817
10.57263,4.765535,19.75495
10.55217,4.600009,19.71165
10.53126,4.432557,19.6683
10.50989,4.263715,19.62491
10.48808,4.094073,19.58146
10.46582,3.924083,19.53794
10.44311,3.754337,19.49438
10.41996,3.585425,19.45075
10.39636,3.417798,19.40707
10.37232,3.252041,19.36334
10.34785,3.088729,19.31956
10.32295,2.928298,19.27572
10.29761,2.771309,19.23182
10.27184,2.618305,19.18787
10.24564,2.469695,19.14388
10.21902,2.325999,19.09983
10.19198,2.187715,19.05573
10.16451,2.055176,19.01157
10.13663,1.928951,18.96736
10.10834,1.809341,18.92311
10.07963,1.696765,18.87881
10.05052,1.591611,18.83447
10.02101,1.494161,18.79007
9.991092,1.404756,18.74562
9.960773,1.323704,18.70113
9.930059,1.251223,18.65659
9.898952,1.187567,18.61201
9.867461,1.132955,18.56738
9.835577,1.087532,18.5227
9.803309,1.051469,18.47798
9.770661,1.024862,18.43322
9.737637,1.007807,18.38841
9.704231,1.00036,18.34355
9.670469,1.002544,18.29866
9.636333,1.014351,18.25371
9.601833,1.035738,18.20874
9.566973,1.066647,18.16372
9.531756,1.106975,18.11866
9.496193,1.156576,18.07356
9.460274,1.215319,18.02841
9.424008,1.282984,17.98324
9.387401,1.359389,17.93802
9.350454,1.444273,17.89277
9.313179,1.537336,17.84748
9.275566,1.638331,17.80214
9.237626,1.746908,17.75677
9.199361,1.862687,17.71137
9.160769,1.985393,17.66592
9.121869,2.114535,17.62045
9.082664,2.249694,17.57494
9.043143,2.390508,17.52939
9.003318,2.536449,17.48381
8.963193,2.687129,17.43821
8.922771,2.842024,17.39256
8.882065,3.000593,17.34689
8.841063,3.162414,17.30118
8.799776,3.326924,17.25544
8.758209,3.49355,17.20967
8.716368,3.661847,17.16388
8.674261,3.831229,17.11805
8.63188,4.001108,17.07219
8.589235,4.171028,17.0263
8.546324,4.3404,16.98038
8.503166,4.508678,16.93444
8.459758,4.675323,16.88847
8.416112,4.839756,16.84248
8.372215,5.001538,16.79645
8.328082,5.160104,16.75041
8.283716,5.314904,16.70434
8.239122,5.465524,16.65824
8.194312,5.611438,16.61213
8.149275,5.752142,16.56597
8.104022,5.887259,16.51981
8.058558,6.016315,16.47362
8.01289,6.138866,16.42741
7.967029,6.254584,16.38118
7.920953,6.363063,16.33492
7.874694,6.463954,16.28864
7.828247,6.556934,16.24235
7.781618,6.641683,16.19604
7.73481,6.717974,16.14971
7.687838,6.785538,16.10336
7.640688,6.844144,16.05698
7.593375,6.893635,16.0106
7.545901,6.933835,15.9642
7.498274,6.964609,15.91778
7.450505,6.985873,15.87135
7.402583,6.99755,15.82489
7.35452,6.999604,15.77843
7.306322,6.992029,15.73196
7.257992,6.974847,15.68547
7.209528,6.948113,15.63895
7.160962,6.911914,15.59244
7.11227,6.866379,15.5459
7.063467,6.811629,15.49936
7.014557,6.747852,15.45281
6.965547,6.675273,15.40625
6.916449,6.594087,15.35968
6.867249,6.50457,15.31309
6.817964,6.40704,15.2665
6.768596,6.301757,15.2199
6.719151,6.189082,15.17329
6.669645,6.069413,15.12668
6.620061,5.943068,15.08005
6.570416,5.81052,15.03342
6.520714,5.672124,14.98679
6.47095,5.52832,14.94014
6.421148,5.379688,14.89349
6.371314,5.226587,14.84685
6.321433,5.069547,14.80018
6.27152,4.909117,14.75353
6.22158,4.745725,14.70687
6.171618,4.579939,14.66021
6.121648,4.412336,14.61355
6.071656,4.243364,14.56688
6.021657,4.073657,14.52021
5.971657,3.903667,14.47355
5.921659,3.733987,14.42689
5.871678,3.565207,14.38023
5.821701,3.397776,14.33355
5.771741,3.23228,14.28689
5.721795,3.069248,14.24022
5.671885,2.909204,14.19357
5.622009,2.752663,14.14692
5.572181,2.600168,14.10027
5.522385,2.452125,14.05362
5.472637,2.30909,14.00698
5.422942,2.171444,13.96035
5.373305,2.03967,13.91372
5.32374,1.914223,13.8671
5.274232,1.795438,13.82048
5.224798,1.683732,13.77387
5.175441,1.579489,13.72728
5.126167,1.482989,13.68069
5.076989,1.394571,13.63411
5.027894,1.314538,13.58753
4.978887,1.243087,13.54096
4.929992,1.180524,13.49441
4.881203,1.126995,13.44787
4.832527,1.082691,13.40135
4.783976,1.047762,13.35483
4.735538,1.022301,13.30832
4.687226,1.006401,13.26183
4.639046,1.000113,13.21536
4.591001,1.003454,13.1689
4.543107,1.016416,13.12245
4.495349,1.03895,13.07601
4.447742,1.070997,13.0296
4.40029,1.112447,12.9832
4.352997,1.163154,12.93682
4.305879,1.222982,12.89046
4.258912,1.291726,12.8441
4.212128,1.369165,12.79776
4.165523,1.455052,12.75145
4.119101,1.549084,12.70517
4.072867,1.651009,12.6589
4.026835,1.760476,12.61265
3.980992,1.877101,12.56641
3.93535,2.000573,12.5202
3.889915,2.130465,12.47402
3.844691,2.266321,12.42786
3.799691,2.40778,12.38172
3.754902,2.554352,12.3356
3.710338,2.705523,12.28951
3.666003,2.860891,12.24344
3.621901,3.019917,12.1974
3.578029,3.182089,12.15137
3.534415,3.346887,12.10538
3.49104,3.513737,12.05941
3.447916,3.682194,12.01347
3.405047,3.85167,11.96756
3.362437,4.021577,11.92169
3.3201,4.191461,11.87583
3.278022,4.360729,11.83
3.236216,4.528794,11.78421
3.194687,4.695208,11.73845
3.153439,4.859388,11.69271
3.112483,5.020767,11.64701
3.071807,5.178912,11.60133
3.031425,5.333272,11.5557
2.991339,5.483311,11.51009
2.951547,5.628667,11.46451
2.912067,5.768717,11.41897
2.872903,5.903126,11.37347
2.834045,6.031425,11.32799
2.795504,6.15317,11.28256
2.757282,6.268035,11.23716
2.719385,6.375618,11.1918
2.681823,6.475548,11.14648
2.644586,6.567557,11.10118
2.607685,6.651323,11.05593
2.571122,6.726556,11.01072
2.534903,6.793057,10.96555
2.499037,6.850575,10.92042
2.463514,6.898958,10.87531
2.428345,6.938033,10.83026
2.393526,6.967675,10.78524
2.359075,6.987788,10.74027
2.324988,6.998308,10.69534
2.291275,6.999202,10.65046
2.257926,6.990468,10.6056
2.224951,6.972132,10.5608
2.192354,6.944263,10.51604
2.160137,6.906934,10.47133
2.128311,6.860285,10.42666
2.096866,6.804441,10.38203
2.065811,6.739593,10.33745
2.03515,6.665969,10.29292
2.004884,6.583767,10.24844
1.975025,6.49327,10.20401
1.945562,6.394794,10.1596
1.916499,6.288575,10.11525
1.88785,6.175035,10.07096
1.859612,6.054544,10.02672
1.831788,5.927426,9.982527
1.804386,5.794156,9.938384
1.777399,5.65509,9.89428
1.750834,5.51071,9.850241
1.724693,5.36152,9.806252
1.69898,5.20792,9.762315
1.673703,5.050441,9.718431
1.648853,4.889633,9.674588
1.624438,4.725925,9.630812
1.60046,4.559887,9.587089
1.576923,4.392097,9.54342
1.553832,4.223002,9.499806
1.531178,4.053192,9.456236
1.508974,3.883211,9.412723
1.48722,3.713605,9.369277
1.465916,3.544963,9.32589
1.445067,3.377737,9.282558
1.424677,3.212509,9.239285
1.40474,3.049853,9.196059
1.385263,2.890204,9.152904
1.366247,2.734118,9.109808
1.347695,2.582136,9.066772
1.329611,2.434665,9.023796
1.311991,2.292221,8.980869
1.29484,2.155295,8.938016
1.278159,2.024255,8.895224
1.26195,1.899559,8.852494
1.246213,1.781606,8.809815
1.230957,1.670777,8.767212
1.216174,1.567453,8.72466
1.20187,1.47191,8.682184
1.188046,1.384484,8.639773
1.174703,1.305476,8.597428
1.161845,1.235097,8.555147
1.149468,1.173596,8.512921
1.137577,1.121182,8.470774
1.126172,1.077997,8.428693
1.115254,1.044193,8.38668
1.104826,1.019885,8.344734
1.094886,1.005137,8.302845
1.085437,1.000005,8.261037
1.076479,1.004503,8.219298
1.068012,1.018624,8.177617
1.06004,1.042307,8.136019
1.052563,1.075491,8.09449
1.045579,1.118066,8.053021
1.039091,1.169878,8.011637
1.033099,1.23079,7.970323
1.027604,1.300594,7.929082
1.022607,1.379042,7.887915
1.018106,1.465925,7.846809
1.014104,1.560945,7.805789
1.0106,1.663767,7.764843
1.007596,1.774117,7.723972
1.005091,1.891581,7.683176
1.003085,2.015846,7.642445
1.001579,2.146481,7.6018
1.000572,2.283067,7.561222
1.000066,2.425166,7.520731
1.000059,2.572322,7.480319
1.000553,2.72402,7.439984
1.001546,2.879854,7.399716
1.00304,3.039286,7.35954
1.005033,3.201758,7.319442
1.007526,3.366836,7.279423
1.010517,3.533902,7.239486
1.014008,3.70251,7.199617
1.017997,3.872072,7.159841
1.022485,4.042,7.120147
1.02747,4.211838,7.080534
1.032952,4.380996,7.041003
1.038931,4.548886,7.001545
1.045408,4.715104,6.96217
1.052379,4.87898,6.922889
1.059845,5.039991,6.883693
1.067805,5.197707,6.844582
1.076256,5.351537,6.805556
1.085202,5.501069,6.766603
1.094638,5.645781,6.727748
1.104566,5.785172,6.68898
1.114983,5.91887,6.650298
1.125886,6.046407,6.611704
1.137279,6.167342,6.573185
1.149158,6.281351,6.534767
1.161522,6.388036,6.496436
1.17437,6.487027,6.458195
1.187698,6.578061,6.420042
1.201513,6.660818,6.381968
1.215805,6.735031,6.343987
1.230575,6.800463,6.306104
1.245822,6.856889,6.268314
1.261545,6.904159,6.230615
1.277738,6.942103,6.193007
1.294407,6.970596,6.155482
1.311546,6.989559,6.11806
1.329154,6.998924,6.080731
1.347229,6.998662,6.043496
1.365766,6.988772,6.006353
1.38477,6.969286,5.969296
1.404235,6.940276,5.932343
1.42416,6.901819,5.895486
1.444543,6.854044,5.858724
1.465385,6.797106,5.822049
1.486673,6.731187,5.785479
1.508415,6.656521,5.748996
1.530608,6.573306,5.712621
1.553247,6.481828,5.676343
1.57633,6.38241,5.640164
1.599852,6.275316,5.604083
1.623818,6.160918,5.568091
1.648222,6.039615,5.532207
1.673061,5.911731,5.496425
1.698333,5.777709,5.460741
1.72403,5.638018,5.425158
1.750159,5.49303,5.389666
1.776713,5.343249,5.354285
1.80369,5.189197,5.319005
1.831091,5.031242,5.283819
1.858905,4.870063,5.248744
1.887127,4.706047,5.213771
1.915766,4.539764,5.178892
1.944813,4.371793,5.144127
1.974265,4.202584,5.109466
2.004121,4.032724,5.074909
2.034369,3.862805,5.040456
2.065021,3.693281,5.0061
2.096066,3.524741,4.971857
2.127501,3.357772,4.937722
2.159324,3.19282,4.903692
2.191524,3.030503,4.869769
2.224112,2.871254,4.835943
2.257077,2.71563,4.802235
2.290422,2.56413,4.768624
2.324133,2.41724,4.735131
2.358211,2.275431,4.701747
2.392646,2.139196,4.668471
2.427449,2.008898,4.635296
2.462609,1.884993,4.602239
2.498123,1.767909,4.569292
2.533987,1.657959,4.536456
2.570191,1.555556,4.503731
2.606744,1.460972,4.471107
2.643637,1.374541,4.438603
2.680866,1.29656,4.406212
2.718426,1.227236,4.373933
2.756308,1.166815,4.341766
2.794528,1.11549,4.309702
2.833062,1.073427,4.277753
2.871912,1.040761,4.245926
2.911075,1.017601,4.214213
2.950547,1.004009,4.182614
2.990316,1.000037,4.15113
3.030394,1.005694,4.119751
3.070769,1.020965,4.088498
3.111437,1.045793,4.05736
3.152394,1.080112,4.026338
3.193628,1.123806,3.995431
3.235149,1.176719,3.964634
3.276948,1.23871,3.933961
3.319019,1.309567,3.903407
3.361358,1.38904,3.872969
3.403969,1.476941,3.842642
3.446823,1.572893,3.812441
3.489941,1.676663,3.782351
3.53331,1.787893,3.752388
3.576926,1.906192,3.722545
3.620783,2.031245,3.692822
3.664871,2.162619,3.663218
3.7092,2.299855,3.633727
3.753758,2.442586,3.604364
3.798541,2.590317,3.575123
3.843544,2.742533,3.546003
3.888754,2.898827,3.517005
3.934184,3.058656,3.488121
3.97982,3.221464,3.459367
4.025659,3.386815,3.430736
4.071703,3.554134,3.402219
4.117932,3.722885,3.373834
4.16434,3.892526,3.345573
4.210941,4.062466,3.317428
4.25772,4.232252,3.289415
4.304674,4.401291,3.261526
4.351797,4.568997,3.233763
4.399076,4.734922,3.206123
4.446525,4.898487,3.178603
4.494128,5.059124,3.151216
4.541882,5.216405,3.123954
4.589782,5.36978,3.096819
4.637814,5.518717,3.069812
4.68599,5.662819,3.042923
4.734299,5.801582,3.016169
4.782743,5.93456,2.989535
4.8313,6.061327,2.963037
4.879974,6.181445,2.936666
4.928751,6.294591,2.910425
4.977643,6.40037,2.884305
5.026638,6.498417,2.858321
5.075731,6.588469,2.832467
5.124916,6.67021,2.806742
5.174178,6.74336,2.781146
5.223533,6.807722,2.755674
5.272966,6.863069,2.73034
5.322471,6.909212,2.705136
5.372044,6.946029,2.680064
5.42167,6.97338,2.655123
5.471364,6.991193,2.630306
5.52112,6.999403,2.605621
5.570914,6.99798,2.581076
5.620752,6.986933,2.556663
5.670627,6.966296,2.532382
5.720526,6.936143,2.508235
5.770462,6.896557,2.484214
5.820421,6.847671,2.460334
5.870398,6.789658,2.436586
5.920388,6.722674,2.412973
5.970376,6.64697,2.389495
6.020377,6.562747,2.366144
6.070376,6.470296,2.342934
6.120368,6.369942,2.31986
6.170348,6.261953,2.296922
6.220301,6.146701,2.274118
6.270251,6.024556,2.251444
6.320165,5.895911,2.228906
6.370047,5.761179,2.206512
6.419891,5.620831,2.184253
6.469694,5.475241,2.162132
6.51944,5.324955,2.140147
6.569144,5.170376,2.118293
6.618791,5.012039,2.096584
6.668376,4.850497,2.075012
6.717894,4.686181,2.053578
6.767331,4.519661,2.032282
6.8167,4.351519,2.011119
6.865989,4.182202,1.990101
6.91519,4.012301,1.969222
6.9643,3.842406,1.948482
7.013322,3.672926,1.927876
7.062225,3.504586,1.907415
7.111031,3.337792,1.887088
7.159726,3.173124,1.866907
7.208304,3.011154,1.846867
7.256763,2.852315,1.826966
7.305085,2.697161,1.807207
7.353287,2.546231,1.787584
7.401354,2.399926,1.768106
7.44928,2.258759,1.748771
7.497061,2.123219,1.729578
7.544684,1.993667,1.710526
7.592161,1.870557,1.69161
7.639479,1.754314,1.672843
7.686633,1.64525,1.654218
7.733627,1.543746,1.63573
7.780439,1.450129,1.617391
7.827065,1.364698,1.599195
7.873516,1.287749,1.581137
7.919779,1.219486,1.563228
7.965851,1.16015,1.545462
8.011726,1.109945,1.527841
8.057392,1.069004,1.510363
8.10286,1.037474,1.493025
8.148118,1.015461,1.475836
8.193162,1.003023,1.458792
8.237986,1.000208,1.441893
8.282578,1.007021,1.425139
8.326949,1.023444,1.408525
8.371088,1.049425,1.392062
8.414999,1.084879,1.375739
8.458659,1.129693,1.359567
8.502074,1.183707,1.343542
8.545231,1.246776,1.327662
8.58814,1.318686,1.311924
8.630792,1.399182,1.296337
8.67318,1.488049,1.280897
8.7153,1.584981,1.265604
8.75715,1.689638,1.250458
8.798715,1.80174,1.235455
8.840016,1.9209,1.220603
8.881019,2.046701,1.205899
8.921732,2.178807,1.191343
8.962169,2.316722,1.176934
9.002295,2.460078,1.16267
9.042135,2.608419,1.148553
9.081671,2.761147,1.134589
9.120884,2.917893,1.120774
9.159785,3.078114,1.107107
9.198384,3.241251,1.093588
9.23665,3.406867,1.080216
9.274606,3.574387,1.066996
9.312221,3.743228,1.053925
9.349504,3.912939,1.041004
9.386466,4.082884,1.028231
9.423076,4.252609,1.015606
9.459356,4.421522,1.003133
9.495278,4.589037,0.9908115
9.53085,4.754706,0.9786391
9.566082,4.917953,0.966617
9.600958,5.078251,0.9547417
9.635461,5.235088,0.9430166
9.669613,5.387959,0.9314468
9.703384,5.536335,0.9200263
9.736786,5.679818,0.9087577
9.769827,5.817871,0.8976393
9.802479,5.950126,0.8866694
9.834762,6.076118,0.8758539
9.86665,6.195415,0.8651903
9.89815,6.307694,0.8546768
9.929274,6.412565,0.8443161
9.959991,6.509665,0.8341039
9.990326,6.598733,0.8240461
10.02025,6.679458,0.8141402
10.04977,6.751562,0.804387
10.0789,6.814867,0.7947823
10.10762,6.869102,0.7853336
10.13592,6.914142,0.7760344
10.16381,6.949825,0.7668895
10.19128,6.976031,0.7578981
10.21833,6.99269,0.7490586
10.24497,6.999741,0.7403727
10.27117,6.997161,0.7318369
10.29696,6.98496,0.7234564
10.3223,6.963174,0.7152294
10.34722,6.931884,0.7071551
10.37171,6.891173,0.6992335
10.39575,6.841179,0.6914638
10.41936,6.782081,0.6838493
10.44252,6.714034,0.6763892
10.46525,6.637274,0.6690793
10.48752,6.552046,0.6619263
10.50935,6.458624,0.6549268
10.53072,6.357337,0.6480783
10.55165,6.248454,0.6413867
10.57211,6.132352,0.6348487
10.59211,6.009438,0.6284642
10.61167,5.880039,0.6222349
10.63075,5.744604,0.6161575
10.64938,5.603606,0.6102362
10.66754,5.457423,0.6044683
10.68523,5.30656,0.5988557
10.70246,5.151544,0.5933975
10.71922,4.992789,0.588092
10.7355,4.830847,0.5829433
10.75132,4.666238,0.5779474
10.76665,4.499489,0.5731075
10.7815,4.331182,0.568422
10.79589,4.161766,0.5638916
10.80978,3.991831,0.5595149
10.82321,3.821968,0.5552942
10.83614,3.652631,0.5512286
10.84859,3.484409,0.5473175
10.86056,3.317888,0.5435616
10.87204,3.153511,0.53996
10.88304,2.991852,0.5365145
10.89355,2.833472,0.5332242
10.90356,2.678794,0.5300891
10.91309,2.528399,0.5271084
10.92213,2.382687,0.5242829
10.93067,2.242131,0.5216126
10.93872,2.107293,0.5190984
10.94628,1.978495,0.5167394
10.95334,1.856188,0.5145364
10.95991,1.740794,0.5124878
10.96598,1.632622,0.5105944
10.97155,1.532051,0.508857
10.97663,1.439427,0.5072757
10.98121,1.355,0.5058488
10.98529,1.279083,0.5045779
10.98887,1.211882,0.5034622
10.99196,1.153632,0.5025026
10.99454,1.104533,0.5016981
10.99663,1.064717,0.5010489
10.99821,1.034325,0.5005558
10.9993,1.013455,0.5002178
10.99989,1.002174,0.500035
10.99997,1.000519,0.5000083
10.99956,1.00849,0.5001369
10.99864,1.026068,0.5004214
10.99723,1.053185,0.5008612
10.99532,1.089771,0.501457
10.9929,1.1357,0.502208
10.98999,1.190809,0.5031142
10.98658,1.254952,0.5041765
10.98267,1.327909,0.505394
10.97826,1.409421,0.5067667
10.97336,1.499273,0.5082954
10.96795,1.597153,0.5099794
10.96205,1.70272,0.5118185
10.95566,1.815721,0.5138137
10.94876,1.935672,0.5159642
10.94138,2.062283,0.5182698
10.93349,2.195116,0.5207306
10.92512,2.333705,0.5233467
10.91626,2.477681,0.5261188
10.9069,2.626545,0.5290452
10.89705,2.779777,0.5321277
10.88671,2.936967,0.5353646
10.87588,3.097571,0.5387567
10.86457,3.261028,0.542304
10.85277,3.426901,0.5460066
10.84048,3.594614,0.5498651
10.82771,3.763583,0.5538781
10.81446,3.933357,0.5580454
10.80072,4.103344,0.5623688
10.7865,4.273,0.5668457
10.77181,4.441779,0.5714778
10.75664,4.609095,0.5762659
10.74099,4.7745,0.5812068
10.72487,4.937419,0.5863029
10.70828,5.097285,0.5915533
10.69121,5.253672,0.596959
10.67368,5.406034,0.6025199
10.65568,5.553842,0.6082343
10.63722,5.696701,0.6141022
10.61829,5.834112,0.6201246
10.59889,5.9656,0.6263021
10.57905,6.090814,0.6326349
10.55873,6.209314,0.6391195
10.53796,6.32072,0.6457602
10.51675,6.424676,0.6525536
10.49508,6.520821,0.6595005
10.47295,6.6089,0.6666009
10.45039,6.688602,0.6738575
10.42737,6.759654,0.681265
10.40392,6.821865,0.6888269
10.38003,6.875016,0.6965415
10.35569,6.918926,0.7044097
10.33093,6.953476,0.7124331
10.30572,6.978544,0.7206084
10.28009,6.994046,0.7289355
10.25403,6.99994,0.737417
10.22754,6.996203,0.7460504
10.20064,6.982848,0.7548389
10.1733,6.959908,0.7637811
10.14555,6.927478,0.7728726
10.11739,6.885643,0.7821176
10.08882,6.834541,0.7915137
10.05984,6.774357,0.8010633
10.03045,6.705249,0.8107673
10.00066,6.627456,0.8206207
9.970471,6.541251,0.8306259
9.939889,6.446864,0.840783
9.9089,6.344621,0.851092
9.877533,6.234881,0.8615553
9.845766,6.117936,0.8721672
9.813626,5.994226,0.882931
9.781106,5.864079,0.8938458
9.748195,5.727911,0.904915
9.660777,5.348669,0.9344358
